Workbook

Sheet Dashboard
A1: Van Trip Reservations — Admin Dashboard
A3: =CONCATENATE("Covering ",TEXT(MIN(Data!D2:D231),"mmm d, yyyy")," to ",TEXT(MAX(Data!D2:D231),"mmm d, yyyy")," — ",COUNTA(Data!A2:A231)," total requests") -> Covering Sep 7, 2025 to Aug 28, 2026 — 230 total requests
B5: TOTAL REQUESTS | D5: APPROVED | F5: AVG TAT (hrs) | I5: SLA % | K5: PENDING NOW
B6: =Summary!B7 -> 230 | D6: =Summary!B3 -> 125 | F6: =Summary!B53 -> 86.4 | I6: =Summary!B58 -> 0.8 | K6: =Summary!B4 -> 34
A57: SLA Compliance
A58: TAT (turnaround time) is measured from submission to the first driver assignment (i.e. when a request is Approved). A trip is within SLA if that gap is 12 hours or less. If a driver is later reassigned, the first-assignment time still applies.
B61: SLA COMPLIANCE | D61: WITHIN SLA | F61: BREACHED SLA | I61: TRIPS ASSIGNED
B62: =Summary!B58 -> 0.8 | D62: =Summary!B56 -> 100 | F62: =Summary!B57 -> 25 | I62: =Summary!B55 -> 125

Sheet Data
A1: Reference | B1: Status | C1: Date Submitted (PHT) | D1: Start Date & Time | E1: End Time | F1: Requestor | G1: Location | H1: From | I1: To | J1: Purpose | K1: Details | L1: Van Type | M1: Driver | N1: Van | O1: Plate Number | P1: Vendor | Q1: Cost | R1: Updated By | S1: Last Updated (PHT) | T1: Month | U1: Weekday | V1: Lead Time (Days) | W1: Assigned | X1: TAT (Hrs) | Y1: Within SLA (<=12h) | Z1: Pending Age (Days)
A2: VR-2025-000002 | B2: Approved | C2: 45903.461 | D2: 45907.271 | E2: 0.70833333 | F2: Mateo, Angel | G2: Iloilo | H2: GLS Building | I2: Standby | J2: Others | K2: Generated dashboard seed trip. | L2: Standby Van | M2: Padilla, Marlon | N2: VAN-001 | O2: FAR 8931 | R2: Abanto, Norlyn | S2: 45903.673 | T2: =TEXT(D2,"mmm yyyy") -> Sep 2025 | U2: =TEXT(D2,"ddd") -> Sun | V2: =INT(D2)-INT(C2) -> 4 | W2: =IF(M2="","No","Yes") -> Yes | X2: =IF(AND(W2="Yes",S2<>""),ROUND((S2-C2)*24,1),"") -> 5.1 | Y2: =IF(X2="","N/A",IF(X2<=12,"Yes","No")) -> Yes | Z2: =IF(B2="Pending",TODAY()-INT(C2),"")
A3: VR-2025-000001 | B3: Approved | C3: 45903.408 | D3: 45907.333 | E3: 0.70833333 | F3: Cruz, Ivan | G3: Iloilo | H3: AGT Tower lobby | I3: Standby | J3: Others | K3: Generated dashboard seed trip. | L3: Standby Van | M3: Ocampo, Dennis | N3: VAN-004 | O3: NII 6324 | R3: Abanto, Norlyn | S3: 45903.826 | T3: =TEXT(D3,"mmm yyyy") -> Sep 2025 | U3: =TEXT(D3,"ddd") -> Sun | V3: =INT(D3)-INT(C3) -> 4 | W3: =IF(M3="","No","Yes") -> Yes | X3: =IF(AND(W3="Yes",S3<>""),ROUND((S3-C3)*24,1),"") -> 10 | Y3: =IF(X3="","N/A",IF(X3<=12,"Yes","No")) -> Yes | Z3: =IF(B3="Pending",TODAY()-INT(C3),"")
A4: VR-2025-000003 | B4: Approved | C4: 45903.49 | D4: 45907.542 | F4: Salcedo, Liza | G4: Iloilo | H4: GLS Building | I4: AGT Tower lobby | J4: IT-Related | K4: Generated dashboard seed trip. | L4: Pickup / Drop-Off | M4: Sarmiento, Joel | N4: VAN-002 | O4: FAR 7820 | R4: Abanto, Norlyn | S4: 45903.912 | T4: =TEXT(D4,"mmm yyyy") -> Sep 2025 | U4: =TEXT(D4,"ddd") -> Sun | V4: =INT(D4)-INT(C4) -> 4 | W4: =IF(M4="","No","Yes") -> Yes | X4: =IF(AND(W4="Yes",S4<>""),ROUND((S4-C4)*24,1),"") -> 10.1 | Y4: =IF(X4="","N/A",IF(X4<=12,"Yes","No")) -> Yes | Z4: =IF(B4="Pending",TODAY()-INT(C4),"")
A5: VR-2025-000004 | B5: Cancelled | C5: 45904.71 | D5: 45908.271 | F5: Cruz, Ivan | G5: Manila | H5: GLS Building | I5: Hotel | J5: IT-Related | K5: Generated dashboard seed trip. | L5: Pickup / Drop-Off | R5: Abanto, Norlyn | S5: 45905.001 | T5: =TEXT(D5,"mmm yyyy") -> Sep 2025 | U5: =TEXT(D5,"ddd") -> Mon | V5: =INT(D5)-INT(C5) -> 4 | W5: =IF(M5="","No","Yes") -> No | X5: =IF(AND(W5="Yes",S5<>""),ROUND((S5-C5)*24,1),"") | Y5: =IF(X5="","N/A",IF(X5<=12,"Yes","No")) -> N/A | Z5: =IF(B5="Pending",TODAY()-INT(C5),"")
A6: VR-2025-000005 | B6: Rejected | C6: 45905.544 | D6: 45909.271 | E6: 0.70833333 | F6: Cruz, Ivan | G6: Manila | H6: GLS Building | I6: Standby | J6: Others | K6: Generated dashboard seed trip. | L6: Standby Van | R6: Abanto, Norlyn | S6: 45905.82 | T6: =TEXT(D6,"mmm yyyy") -> Sep 2025 | U6: =TEXT(D6,"ddd") -> Tue | V6: =INT(D6)-INT(C6) -> 4 | W6: =IF(M6="","No","Yes") -> No | X6: =IF(AND(W6="Yes",S6<>""),ROUND((S6-C6)*24,1),"") | Y6: =IF(X6="","N/A",IF(X6<=12,"Yes","No")) -> N/A | Z6: =IF(B6="Pending",TODAY()-INT(C6),"")
A7: VR-2025-000006 | B7: Cancelled | C7: 45906.462 | D7: 45910.729 | F7: Cruz, Ivan | G7: Manila | H7: GLS Building | I7: AGT Tower lobby | J7: HR/TA Related | K7: Generated dashboard seed trip. | L7: Pickup / Drop-Off | R7: Abanto, Norlyn | S7: 45906.73 | T7: =TEXT(D7,"mmm yyyy") -> Sep 2025 | U7: =TEXT(D7,"ddd") -> Wed | V7: =INT(D7)-INT(C7) -> 4 | W7: =IF(M7="","No","Yes") -> No | X7: =IF(AND(W7="Yes",S7<>""),ROUND((S7-C7)*24,1),"") | Y7: =IF(X7="","N/A",IF(X7<=12,"Yes","No")) -> N/A | Z7: =IF(B7="Pending",TODAY()-INT(C7),"")
A8: VR-2025-000007 | B8: Cancelled | C8: 45908.454 | D8: 45912.542 | F8: Reyes, Kaye | G8: Manila | H8: GLS Building | I8: AGT Tower lobby | J8: Others | K8: Generated dashboard seed trip. | L8: Pickup / Drop-Off | R8: Abanto, Norlyn | S8: 45908.753 | T8: =TEXT(D8,"mmm yyyy") -> Sep 2025 | U8: =TEXT(D8,"ddd") -> Fri | V8: =INT(D8)-INT(C8) -> 4 | W8: =IF(M8="","No","Yes") -> No | X8: =IF(AND(W8="Yes",S8<>""),ROUND((S8-C8)*24,1),"") | Y8: =IF(X8="","N/A",IF(X8<=12,"Yes","No")) -> N/A | Z8: =IF(B8="Pending",TODAY()-INT(C8),"")
A9: VR-2025-000008 | B9: Approved | C9: 45909.39 | D9: 45913.333 | F9: Salcedo, Liza | G9: Iloilo | H9: GLS Building | I9: Hotel | J9: IT-Related | K9: Generated dashboard seed trip. | L9: Pickup / Drop-Off | M9: Padilla, Marlon | N9: VAN-002 | O9: FAR 7820 | R9: Arielle Jimera | S9: 46274.648 | T9: =TEXT(D9,"mmm yyyy") -> Sep 2025 | U9: =TEXT(D9,"ddd") -> Sat | V9: =INT(D9)-INT(C9) -> 4 | W9: =IF(M9="","No","Yes") -> Yes | X9: =IF(AND(W9="Yes",S9<>""),ROUND((S9-C9)*24,1),"") -> 8766.2 | Y9: =IF(X9="","N/A",IF(X9<=12,"Yes","No")) -> No | Z9: =IF(B9="Pending",TODAY()-INT(C9),"")
A10: VR-2025-000009 | B10: Approved | C10: 45910.596 | D10: 45914.729 | E10: 0.041666667 | F10: Reyes, Kaye | G10: Iloilo | H10: GLS Building | I10: Standby | J10: Others | K10: Generated dashboard seed trip. | L10: Standby Van | M10: Sarmiento, Joel | N10: VAN-002 | O10: FAR 7820 | R10: Abanto, Norlyn | S10: 45910.785 | T10: =TEXT(D10,"mmm yyyy") -> Sep 2025 | U10: =TEXT(D10,"ddd") -> Sun | V10: =INT(D10)-INT(C10) -> 4 | W10: =IF(M10="","No","Yes") -> Yes | X10: =IF(AND(W10="Yes",S10<>""),ROUND((S10-C10)*24,1),"") -> 4.5 | Y10: =IF(X10="","N/A",IF(X10<=12,"Yes","No")) -> Yes | Z10: =IF(B10="Pending",TODAY()-INT(C10),"")
A11: VR-2025-000010 | B11: Approved | C11: 45917.606 | D11: 45921.271 | F11: Reyes, Kaye | G11: Manila | H11: AGT Tower lobby | I11: Airport | J11: IT-Related | K11: Generated dashboard seed trip. | L11: Pickup / Drop-Off | M11: Padilla, Marlon | N11: VAN-003 | O11: NHU 8001 | R11: Abanto, Norlyn | S11: 45918.238 | T11: =TEXT(D11,"mmm yyyy") -> Sep 2025 | U11: =TEXT(D11,"ddd") -> Sun | V11: =INT(D11)-INT(C11) -> 4 | W11: =IF(M11="","No","Yes") -> Yes | X11: =IF(AND(W11="Yes",S11<>""),ROUND((S11-C11)*24,1),"") -> 15.2 | Y11: =IF(X11="","N/A",IF(X11<=12,"Yes","No")) -> No | Z11: =IF(B11="Pending",TODAY()-INT(C11),"")
A12: VR-2025-000011 | B12: Approved | C12: 45918.595 | D12: 45922.271 | E12: 0.70833333 | F12: Reyes, Kaye | G12: Iloilo | H12: AGT Tower lobby | I12: Standby | J12: Others | K12: Generated dashboard seed trip. | L12: Standby Van | M12: Ocampo, Dennis | N12: VAN-001 | O12: FAR 8931 | R12: Abanto, Norlyn | S12: 45919.037 | T12: =TEXT(D12,"mmm yyyy") -> Sep 2025 | U12: =TEXT(D12,"ddd") -> Mon | V12: =INT(D12)-INT(C12) -> 4 | W12: =IF(M12="","No","Yes") -> Yes | X12: =IF(AND(W12="Yes",S12<>""),ROUND((S12-C12)*24,1),"") -> 10.6 | Y12: =IF(X12="","N/A",IF(X12<=12,"Yes","No")) -> Yes | Z12: =IF(B12="Pending",TODAY()-INT(C12),"")
A13: VR-2025-000012 | B13: Pending | C13: 45919.383 | D13: 45923.271 | F13: Mateo, Angel | G13: Manila | H13: AGT Tower lobby | I13: Airport | J13: Others | K13: Generated dashboard seed trip. | L13: Pickup / Drop-Off | T13: =TEXT(D13,"mmm yyyy") -> Sep 2025 | U13: =TEXT(D13,"ddd") -> Tue | V13: =INT(D13)-INT(C13) -> 4 | W13: =IF(M13="","No","Yes") -> No | X13: =IF(AND(W13="Yes",S13<>""),ROUND((S13-C13)*24,1),"") | Y13: =IF(X13="","N/A",IF(X13<=12,"Yes","No")) -> N/A | Z13: =IF(B13="Pending",TODAY()-INT(C13),"") -> 355
A14: VR-2025-000013 | B14: Approved | C14: 45919.398 | D14: 45923.292 | E14: 0.70833333 | F14: Reyes, Kaye | G14: Iloilo | H14: AGT Tower lobby | I14: Standby | J14: Others | K14: Generated dashboard seed trip. | L14: Standby Van | M14: Ocampo, Dennis | N14: VAN-004 | O14: NII 6324 | R14: Abanto, Norlyn | S14: 45919.875 | T14: =TEXT(D14,"mmm yyyy") -> Sep 2025 | U14: =TEXT(D14,"ddd") -> Tue | V14: =INT(D14)-INT(C14) -> 4 | W14: =IF(M14="","No","Yes") -> Yes | X14: =IF(AND(W14="Yes",S14<>""),ROUND((S14-C14)*24,1),"") -> 11.5 | Y14: =IF(X14="","N/A",IF(X14<=12,"Yes","No")) -> Yes | Z14: =IF(B14="Pending",TODAY()-INT(C14),"")
A15: VR-2025-000014 | B15: Approved | C15: 45919.405 | D15: 45923.292 | E15: 0.70833333 | F15: Cruz, Ivan | G15: Iloilo | H15: GLS Building | I15: Standby | J15: Others | K15: Generated dashboard seed trip. | L15: Standby Van | M15: Padilla, Marlon | N15: VAN-001 | O15: FAR 8931 | R15: Abanto, Norlyn | S15: 45919.709 | T15: =TEXT(D15,"mmm yyyy") -> Sep 2025 | U15: =TEXT(D15,"ddd") -> Tue | V15: =INT(D15)-INT(C15) -> 4 | W15: =IF(M15="","No","Yes") -> Yes | X15: =IF(AND(W15="Yes",S15<>""),ROUND((S15-C15)*24,1),"") -> 7.3 | Y15: =IF(X15="","N/A",IF(X15<=12,"Yes","No")) -> Yes | Z15: =IF(B15="Pending",TODAY()-INT(C15),"")
A16: VR-2025-000016 | B16: Approved | C16: 45921.516 | D16: 45925.271 | E16: 0.70833333 | F16: Cruz, Ivan | G16: Manila | H16: GLS Building | I16: Standby | J16: Others | K16: Generated dashboard seed trip. | L16: Standby Van | M16: Sarmiento, Joel | N16: VAN-002 | O16: FAR 7820 | R16: Abanto, Norlyn | S16: 45921.724 | T16: =TEXT(D16,"mmm yyyy") -> Sep 2025 | U16: =TEXT(D16,"ddd") -> Thu | V16: =INT(D16)-INT(C16) -> 4 | W16: =IF(M16="","No","Yes") -> Yes | X16: =IF(AND(W16="Yes",S16<>""),ROUND((S16-C16)*24,1),"") -> 5 | Y16: =IF(X16="","N/A",IF(X16<=12,"Yes","No")) -> Yes | Z16: =IF(B16="Pending",TODAY()-INT(C16),"")
A17: VR-2025-000015 | B17: Approved | C17: 45921.426 | D17: 45925.292 | F17: Jimera, Arielle | G17: Manila | H17: GLS Building | I17: AGT Tower lobby | J17: IT-Related | K17: Generated dashboard seed trip. | L17: Pickup / Drop-Off | M17: Ocampo, Dennis | N17: VAN-003 | O17: NHU 8001 | R17: Abanto, Norlyn | S17: 45921.471 | T17: =TEXT(D17,"mmm yyyy") -> Sep 2025 | U17: =TEXT(D17,"ddd") -> Thu | V17: =INT(D17)-INT(C17) -> 4 | W17: =IF(M17="","No","Yes") -> Yes | X17: =IF(AND(W17="Yes",S17<>""),ROUND((S17-C17)*24,1),"") -> 1.1 | Y17: =IF(X17="","N/A",IF(X17<=12,"Yes","No")) -> Yes | Z17: =IF(B17="Pending",TODAY()-INT(C17),"")
A18: VR-2025-000018 | B18: Approved | C18: 45922.668 | D18: 45926.542 | E18: 0.70833333 | F18: Cruz, Ivan | G18: Iloilo | H18: GLS Building | I18: Standby | J18: Others | K18: Generated dashboard seed trip. | L18: Standby Van | M18: Villanueva, Rey | N18: VAN-004 | O18: NII 6324 | R18: Abanto, Norlyn | S18: 45922.833 | T18: =TEXT(D18,"mmm yyyy") -> Sep 2025 | U18: =TEXT(D18,"ddd") -> Fri | V18: =INT(D18)-INT(C18) -> 4 | W18: =IF(M18="","No","Yes") -> Yes | X18: =IF(AND(W18="Yes",S18<>""),ROUND((S18-C18)*24,1),"") -> 4 | Y18: =IF(X18="","N/A",IF(X18<=12,"Yes","No")) -> Yes | Z18: =IF(B18="Pending",TODAY()-INT(C18),"")
A19: VR-2025-000017 | B19: Pending | C19: 45922.617 | D19: 45926.542 | E19: 0.70833333 | F19: Jimera, Arielle | G19: Manila | H19: GLS Building | I19: Standby | J19: Others | K19: Generated dashboard seed trip. | L19: Standby Van | T19: =TEXT(D19,"mmm yyyy") -> Sep 2025 | U19: =TEXT(D19,"ddd") -> Fri | V19: =INT(D19)-INT(C19) -> 4 | W19: =IF(M19="","No","Yes") -> No | X19: =IF(AND(W19="Yes",S19<>""),ROUND((S19-C19)*24,1),"") | Y19: =IF(X19="","N/A",IF(X19<=12,"Yes","No")) -> N/A | Z19: =IF(B19="Pending",TODAY()-INT(C19),"") -> 352
A20: VR-2025-000021 | B20: Approved | C20: 45926.479 | D20: 45928.292 | F20: Salcedo, Liza | G20: Manila | H20: GLS Building | I20: Hotel | J20: IT-Related | K20: Generated dashboard seed trip. | L20: Pickup / Drop-Off | M20: Villanueva, Rey | N20: VAN-003 | O20: NHU 8001 | R20: Abanto, Norlyn | S20: 45926.683 | T20: =TEXT(D20,"mmm yyyy") -> Sep 2025 | U20: =TEXT(D20,"ddd") -> Sun | V20: =INT(D20)-INT(C20) -> 2 | W20: =IF(M20="","No","Yes") -> Yes | X20: =IF(AND(W20="Yes",S20<>""),ROUND((S20-C20)*24,1),"") -> 4.9 | Y20: =IF(X20="","N/A",IF(X20<=12,"Yes","No")) -> Yes | Z20: =IF(B20="Pending",TODAY()-INT(C20),"")
A21: VR-2025-000020 | B21: Approved | C21: 45924.732 | D21: 45928.333 | E21: 0.70833333 | F21: Jimera, Arielle | G21: Manila | H21: GLS Building | I21: Standby | J21: Others | K21: Generated dashboard seed trip. | L21: Standby Van | M21: Ocampo, Dennis | N21: VAN-001 | O21: FAR 8931 | R21: Abanto, Norlyn | S21: 45924.884 | T21: =TEXT(D21,"mmm yyyy") -> Sep 2025 | U21: =TEXT(D21,"ddd") -> Sun | V21: =INT(D21)-INT(C21) -> 4 | W21: =IF(M21="","No","Yes") -> Yes | X21: =IF(AND(W21="Yes",S21<>""),ROUND((S21-C21)*24,1),"") -> 3.7 | Y21: =IF(X21="","N/A",IF(X21<=12,"Yes","No")) -> Yes | Z21: =IF(B21="Pending",TODAY()-INT(C21),"")
A22: VR-2025-000022 | B22: Cancelled | C22: 45926.644 | D22: 45928.333 | E22: 0.70833333 | F22: Jimera, Arielle | G22: Manila | H22: AGT Tower lobby | I22: Standby | J22: Others | K22: Generated dashboard seed trip. | L22: Standby Van | R22: Abanto, Norlyn | S22: 45927.112 | T22: =TEXT(D22,"mmm yyyy") -> Sep 2025 | U22: =TEXT(D22,"ddd") -> Sun | V22: =INT(D22)-INT(C22) -> 2 | W22: =IF(M22="","No","Yes") -> No | X22: =IF(AND(W22="Yes",S22<>""),ROUND((S22-C22)*24,1),"") | Y22: =IF(X22="","N/A",IF(X22<=12,"Yes","No")) -> N/A | Z22: =IF(B22="Pending",TODAY()-INT(C22),"")
A23: VR-2025-000019 | B23: Approved | C23: 45924.512 | D23: 45928.729 | F23: Dizon, Marco | G23: Manila | H23: AGT Tower lobby | I23: GLS Building | J23: IT-Related | K23: Generated dashboard seed trip. | L23: Pickup / Drop-Off | M23: Padilla, Marlon | N23: VAN-003 | O23: NHU 8001 | R23: Abanto, Norlyn | S23: 45924.845 | T23: =TEXT(D23,"mmm yyyy") -> Sep 2025 | U23: =TEXT(D23,"ddd") -> Sun | V23: =INT(D23)-INT(C23) -> 4 | W23: =IF(M23="","No","Yes") -> Yes | X23: =IF(AND(W23="Yes",S23<>""),ROUND((S23-C23)*24,1),"") -> 8 | Y23: =IF(X23="","N/A",IF(X23<=12,"Yes","No")) -> Yes | Z23: =IF(B23="Pending",TODAY()-INT(C23),"")
A24: VR-2025-000023 | B24: Approved | C24: 45931.616 | D24: 45935.729 | E24: 0.041666667 | F24: Reyes, Kaye | G24: Manila | H24: GLS Building | I24: Standby | J24: Others | K24: Generated dashboard seed trip. | L24: Standby Van | M24: Villanueva, Rey | N24: VAN-001 | O24: FAR 8931 | R24: Abanto, Norlyn | S24: 45931.993 | T24: =TEXT(D24,"mmm yyyy") -> Oct 2025 | U24: =TEXT(D24,"ddd") -> Sun | V24: =INT(D24)-INT(C24) -> 4 | W24: =IF(M24="","No","Yes") -> Yes | X24: =IF(AND(W24="Yes",S24<>""),ROUND((S24-C24)*24,1),"") -> 9.1 | Y24: =IF(X24="","N/A",IF(X24<=12,"Yes","No")) -> Yes | Z24: =IF(B24="Pending",TODAY()-INT(C24),"")
A25: VR-2025-000024 | B25: Approved | C25: 45932.731 | D25: 45936.542 | F25: Jimera, Arielle | G25: Manila | H25: AGT Tower lobby | I25: GLS Building | J25: HR/TA Related | K25: Generated dashboard seed trip. | L25: Pickup / Drop-Off | M25: Ocampo, Dennis | N25: VAN-003 | O25: NHU 8001 | R25: Abanto, Norlyn | S25: 45933.088 | T25: =TEXT(D25,"mmm yyyy") -> Oct 2025 | U25: =TEXT(D25,"ddd") -> Mon | V25: =INT(D25)-INT(C25) -> 4 | W25: =IF(M25="","No","Yes") -> Yes | X25: =IF(AND(W25="Yes",S25<>""),ROUND((S25-C25)*24,1),"") -> 8.6 | Y25: =IF(X25="","N/A",IF(X25<=12,"Yes","No")) -> Yes | Z25: =IF(B25="Pending",TODAY()-INT(C25),"")
A26: VR-2025-000025 | B26: Approved | C26: 45933.458 | D26: 45937.542 | F26: Mateo, Angel | G26: Manila | H26: GLS Building | I26: Hotel | J26: HR/TA Related | K26: Generated dashboard seed trip. | L26: Pickup / Drop-Off | M26: Ocampo, Dennis | N26: VAN-004 | O26: NII 6324 | R26: Abanto, Norlyn | S26: 45933.853 | T26: =TEXT(D26,"mmm yyyy") -> Oct 2025 | U26: =TEXT(D26,"ddd") -> Tue | V26: =INT(D26)-INT(C26) -> 4 | W26: =IF(M26="","No","Yes") -> Yes | X26: =IF(AND(W26="Yes",S26<>""),ROUND((S26-C26)*24,1),"") -> 9.5 | Y26: =IF(X26="","N/A",IF(X26<=12,"Yes","No")) -> Yes | Z26: =IF(B26="Pending",TODAY()-INT(C26),"")
A27: VR-2025-000026 | B27: Approved | C27: 45935.608 | D27: 45939.333 | F27: Cruz, Ivan | G27: Manila | H27: AGT Tower lobby | I27: GLS Building | J27: IT-Related | K27: Generated dashboard seed trip. | L27: Pickup / Drop-Off | M27: Villanueva, Rey | N27: VAN-003 | O27: NHU 8001 | R27: Abanto, Norlyn | S27: 45936.083 | T27: =TEXT(D27,"mmm yyyy") -> Oct 2025 | U27: =TEXT(D27,"ddd") -> Thu | V27: =INT(D27)-INT(C27) -> 4 | W27: =IF(M27="","No","Yes") -> Yes | X27: =IF(AND(W27="Yes",S27<>""),ROUND((S27-C27)*24,1),"") -> 11.4 | Y27: =IF(X27="","N/A",IF(X27<=12,"Yes","No")) -> Yes | Z27: =IF(B27="Pending",TODAY()-INT(C27),"")
A28: VR-2025-000027 | B28: Rejected | C28: 45935.643 | D28: 45939.333 | F28: Cruz, Ivan | G28: Iloilo | H28: AGT Tower lobby | I28: GLS Building | J28: HR/TA Related | K28: Generated dashboard seed trip. | L28: Pickup / Drop-Off | R28: Abanto, Norlyn | S28: 45935.797 | T28: =TEXT(D28,"mmm yyyy") -> Oct 2025 | U28: =TEXT(D28,"ddd") -> Thu | V28: =INT(D28)-INT(C28) -> 4 | W28: =IF(M28="","No","Yes") -> No | X28: =IF(AND(W28="Yes",S28<>""),ROUND((S28-C28)*24,1),"") | Y28: =IF(X28="","N/A",IF(X28<=12,"Yes","No")) -> N/A | Z28: =IF(B28="Pending",TODAY()-INT(C28),"")
A29: VR-2025-000028 | B29: Rejected | C29: 45938.415 | D29: 45942.542 | F29: Mateo, Angel | G29: Iloilo | H29: AGT Tower lobby | I29: Airport | J29: HR/TA Related | K29: Generated dashboard seed trip. | L29: Pickup / Drop-Off | R29: Abanto, Norlyn | S29: 45938.726 | T29: =TEXT(D29,"mmm yyyy") -> Oct 2025 | U29: =TEXT(D29,"ddd") -> Sun | V29: =INT(D29)-INT(C29) -> 4 | W29: =IF(M29="","No","Yes") -> No | X29: =IF(AND(W29="Yes",S29<>""),ROUND((S29-C29)*24,1),"") | Y29: =IF(X29="","N/A",IF(X29<=12,"Yes","No")) -> N/A | Z29: =IF(B29="Pending",TODAY()-INT(C29),"")
A30: VR-2025-000029 | B30: Approved | C30: 45940.464 | D30: 45944.292 | E30: 0.70833333 | F30: Dizon, Marco | G30: Iloilo | H30: GLS Building | I30: Standby | J30: Others | K30: Generated dashboard seed trip. | L30: Standby Van | M30: Padilla, Marlon | N30: VAN-001 | O30: FAR 8931 | R30: Abanto, Norlyn | S30: 45941.588 | T30: =TEXT(D30,"mmm yyyy") -> Oct 2025 | U30: =TEXT(D30,"ddd") -> Tue | V30: =INT(D30)-INT(C30) -> 4 | W30: =IF(M30="","No","Yes") -> Yes | X30: =IF(AND(W30="Yes",S30<>""),ROUND((S30-C30)*24,1),"") -> 27 | Y30: =IF(X30="","N/A",IF(X30<=12,"Yes","No")) -> No | Z30: =IF(B30="Pending",TODAY()-INT(C30),"")
A31: VR-2025-000030 | B31: Cancelled | C31: 45940.622 | D31: 45944.542 | F31: Mateo, Angel | G31: Manila | H31: AGT Tower lobby | I31: Airport | J31: HR/TA Related | K31: Generated dashboard seed trip. | L31: Pickup / Drop-Off | R31: Abanto, Norlyn | S31: 45941.207 | T31: =TEXT(D31,"mmm yyyy") -> Oct 2025 | U31: =TEXT(D31,"ddd") -> Tue | V31: =INT(D31)-INT(C31) -> 4 | W31: =IF(M31="","No","Yes") -> No | X31: =IF(AND(W31="Yes",S31<>""),ROUND((S31-C31)*24,1),"") | Y31: =IF(X31="","N/A",IF(X31<=12,"Yes","No")) -> N/A | Z31: =IF(B31="Pending",TODAY()-INT(C31),"")
A32: VR-2025-000031 | B32: Approved | C32: 45946.547 | D32: 45950.271 | F32: Mateo, Angel | G32: Manila | H32: GLS Building | I32: Hotel | J32: Others | K32: Generated dashboard seed trip. | L32: Pickup / Drop-Off | M32: Padilla, Marlon | N32: VAN-002 | O32: FAR 7820 | R32: Abanto, Norlyn | S32: 45946.608 | T32: =TEXT(D32,"mmm yyyy") -> Oct 2025 | U32: =TEXT(D32,"ddd") -> Mon | V32: =INT(D32)-INT(C32) -> 4 | W32: =IF(M32="","No","Yes") -> Yes | X32: =IF(AND(W32="Yes",S32<>""),ROUND((S32-C32)*24,1),"") -> 1.5 | Y32: =IF(X32="","N/A",IF(X32<=12,"Yes","No")) -> Yes | Z32: =IF(B32="Pending",TODAY()-INT(C32),"")
A33: VR-2025-000032 | B33: Approved | C33: 45947.399 | D33: 45951.542 | F33: Reyes, Kaye | G33: Iloilo | H33: GLS Building | I33: AGT Tower lobby | J33: HR/TA Related | K33: Generated dashboard seed trip. | L33: Pickup / Drop-Off | M33: Villanueva, Rey | N33: VAN-001 | O33: FAR 8931 | R33: Abanto, Norlyn | S33: 45947.678 | T33: =TEXT(D33,"mmm yyyy") -> Oct 2025 | U33: =TEXT(D33,"ddd") -> Tue | V33: =INT(D33)-INT(C33) -> 4 | W33: =IF(M33="","No","Yes") -> Yes | X33: =IF(AND(W33="Yes",S33<>""),ROUND((S33-C33)*24,1),"") -> 6.7 | Y33: =IF(X33="","N/A",IF(X33<=12,"Yes","No")) -> Yes | Z33: =IF(B33="Pending",TODAY()-INT(C33),"")
A34: VR-2025-000033 | B34: Approved | C34: 45948.434 | D34: 45952.542 | F34: Salcedo, Liza | G34: Manila | H34: AGT Tower lobby | I34: Airport | J34: Others | K34: Generated dashboard seed trip. | L34: Pickup / Drop-Off | M34: Sarmiento, Joel | N34: VAN-003 | O34: NHU 8001 | R34: Abanto, Norlyn | S34: 45949.592 | T34: =TEXT(D34,"mmm yyyy") -> Oct 2025 | U34: =TEXT(D34,"ddd") -> Wed | V34: =INT(D34)-INT(C34) -> 4 | W34: =IF(M34="","No","Yes") -> Yes | X34: =IF(AND(W34="Yes",S34<>""),ROUND((S34-C34)*24,1),"") -> 27.8 | Y34: =IF(X34="","N/A",IF(X34<=12,"Yes","No")) -> No | Z34: =IF(B34="Pending",TODAY()-INT(C34),"")
A35: VR-2025-000034 | B35: Cancelled | C35: 45949.645 | D35: 45953.271 | E35: 0.70833333 | F35: Jimera, Arielle | G35: Manila | H35: AGT Tower lobby | I35: Standby | J35: Others | K35: Generated dashboard seed trip. | L35: Standby Van | R35: Abanto, Norlyn | S35: 45949.85 | T35: =TEXT(D35,"mmm yyyy") -> Oct 2025 | U35: =TEXT(D35,"ddd") -> Thu | V35: =INT(D35)-INT(C35) -> 4 | W35: =IF(M35="","No","Yes") -> No | X35: =IF(AND(W35="Yes",S35<>""),ROUND((S35-C35)*24,1),"") | Y35: =IF(X35="","N/A",IF(X35<=12,"Yes","No")) -> N/A | Z35: =IF(B35="Pending",TODAY()-INT(C35),"")
A36: VR-2025-000035 | B36: Approved | C36: 45949.731 | D36: 45953.333 | F36: Salcedo, Liza | G36: Manila | H36: AGT Tower lobby | I36: GLS Building | J36: IT-Related | K36: Generated dashboard seed trip. | L36: Pickup / Drop-Off | M36: Ocampo, Dennis | N36: VAN-004 | O36: NII 6324 | R36: Abanto, Norlyn | S36: 45949.828 | T36: =TEXT(D36,"mmm yyyy") -> Oct 2025 | U36: =TEXT(D36,"ddd") -> Thu | V36: =INT(D36)-INT(C36) -> 4 | W36: =IF(M36="","No","Yes") -> Yes | X36: =IF(AND(W36="Yes",S36<>""),ROUND((S36-C36)*24,1),"") -> 2.3 | Y36: =IF(X36="","N/A",IF(X36<=12,"Yes","No")) -> Yes | Z36: =IF(B36="Pending",TODAY()-INT(C36),"")
A37: VR-2025-000036 | B37: Approved | C37: 45950.499 | D37: 45954.729 | E37: 0.041666667 | F37: Jimera, Arielle | G37: Iloilo | H37: AGT Tower lobby | I37: Standby | J37: Others | K37: Generated dashboard seed trip. | L37: Standby Van | M37: Sarmiento, Joel | N37: VAN-003 | O37: NHU 8001 | R37: Abanto, Norlyn | S37: 45950.667 | T37: =TEXT(D37,"mmm yyyy") -> Oct 2025 | U37: =TEXT(D37,"ddd") -> Fri | V37: =INT(D37)-INT(C37) -> 4 | W37: =IF(M37="","No","Yes") -> Yes | X37: =IF(AND(W37="Yes",S37<>""),ROUND((S37-C37)*24,1),"") -> 4 | Y37: =IF(X37="","N/A",IF(X37<=12,"Yes","No")) -> Yes | Z37: =IF(B37="Pending",TODAY()-INT(C37),"")
A38: VR-2025-000037 | B38: Approved | C38: 45951.659 | D38: 45955.542 | F38: Cruz, Ivan | G38: Manila | H38: GLS Building | I38: AGT Tower lobby | J38: HR/TA Related | K38: Generated dashboard seed trip. | L38: Pickup / Drop-Off | M38: Padilla, Marlon | N38: VAN-003 | O38: NHU 8001 | R38: Abanto, Norlyn | S38: 45951.801 | T38: =TEXT(D38,"mmm yyyy") -> Oct 2025 | U38: =TEXT(D38,"ddd") -> Sat | V38: =INT(D38)-INT(C38) -> 4 | W38: =IF(M38="","No","Yes") -> Yes | X38: =IF(AND(W38="Yes",S38<>""),ROUND((S38-C38)*24,1),"") -> 3.4 | Y38: =IF(X38="","N/A",IF(X38<=12,"Yes","No")) -> Yes | Z38: =IF(B38="Pending",TODAY()-INT(C38),"")
A39: VR-2025-000038 | B39: Approved | C39: 45952.662 | D39: 45956.542 | E39: 0.70833333 | F39: Cruz, Ivan | G39: Iloilo | H39: AGT Tower lobby | I39: Standby | J39: Others | K39: Generated dashboard seed trip. | L39: Standby Van | M39: Padilla, Marlon | N39: VAN-003 | O39: NHU 8001 | R39: Abanto, Norlyn | S39: 45952.847 | T39: =TEXT(D39,"mmm yyyy") -> Oct 2025 | U39: =TEXT(D39,"ddd") -> Sun | V39: =INT(D39)-INT(C39) -> 4 | W39: =IF(M39="","No","Yes") -> Yes | X39: =IF(AND(W39="Yes",S39<>""),ROUND((S39-C39)*24,1),"") -> 4.4 | Y39: =IF(X39="","N/A",IF(X39<=12,"Yes","No")) -> Yes | Z39: =IF(B39="Pending",TODAY()-INT(C39),"")
A40: VR-2025-000040 | B40: Approved | C40: 45956.472 | D40: 45958.292 | F40: Dizon, Marco | G40: Manila | H40: AGT Tower lobby | I40: Airport | J40: Others | K40: Generated dashboard seed trip. | L40: Pickup / Drop-Off | M40: Villanueva, Rey | N40: VAN-001 | O40: FAR 8931 | R40: Abanto, Norlyn | S40: 45956.722 | T40: =TEXT(D40,"mmm yyyy") -> Oct 2025 | U40: =TEXT(D40,"ddd") -> Tue | V40: =INT(D40)-INT(C40) -> 2 | W40: =IF(M40="","No","Yes") -> Yes | X40: =IF(AND(W40="Yes",S40<>""),ROUND((S40-C40)*24,1),"") -> 6 | Y40: =IF(X40="","N/A",IF(X40<=12,"Yes","No")) -> Yes | Z40: =IF(B40="Pending",TODAY()-INT(C40),"")
A41: VR-2025-000041 | B41: Pending | C41: 45956.711 | D41: 45958.396 | F41: Jimera, Arielle | G41: Manila | H41: AGT Tower lobby | I41: GLS Building | J41: HR/TA Related | K41: Generated dashboard seed trip. | L41: Pickup / Drop-Off | T41: =TEXT(D41,"mmm yyyy") -> Oct 2025 | U41: =TEXT(D41,"ddd") -> Tue | V41: =INT(D41)-INT(C41) -> 2 | W41: =IF(M41="","No","Yes") -> No | X41: =IF(AND(W41="Yes",S41<>""),ROUND((S41-C41)*24,1),"") | Y41: =IF(X41="","N/A",IF(X41<=12,"Yes","No")) -> N/A | Z41: =IF(B41="Pending",TODAY()-INT(C41),"") -> 318
A42: VR-2025-000039 | B42: Rejected | C42: 45955.599 | D42: 45958.729 | E42: 0.041666667 | F42: Mateo, Angel | G42: Manila | H42: GLS Building | I42: Standby | J42: Others | K42: Generated dashboard seed trip. | L42: Standby Van | R42: Abanto, Norlyn | S42: 45955.644 | T42: =TEXT(D42,"mmm yyyy") -> Oct 2025 | U42: =TEXT(D42,"ddd") -> Tue | V42: =INT(D42)-INT(C42) -> 3 | W42: =IF(M42="","No","Yes") -> No | X42: =IF(AND(W42="Yes",S42<>""),ROUND((S42-C42)*24,1),"") | Y42: =IF(X42="","N/A",IF(X42<=12,"Yes","No")) -> N/A | Z42: =IF(B42="Pending",TODAY()-INT(C42),"")
A43: VR-2025-000042 | B43: Cancelled | C43: 45962.601 | D43: 45966.271 | F43: Mateo, Angel | G43: Iloilo | H43: AGT Tower lobby | I43: Airport | J43: IT-Related | K43: Generated dashboard seed trip. | L43: Pickup / Drop-Off | R43: Abanto, Norlyn | S43: 45962.763 | T43: =TEXT(D43,"mmm yyyy") -> Nov 2025 | U43: =TEXT(D43,"ddd") -> Wed | V43: =INT(D43)-INT(C43) -> 4 | W43: =IF(M43="","No","Yes") -> No | X43: =IF(AND(W43="Yes",S43<>""),ROUND((S43-C43)*24,1),"") | Y43: =IF(X43="","N/A",IF(X43<=12,"Yes","No")) -> N/A | Z43: =IF(B43="Pending",TODAY()-INT(C43),"")
A44: VR-2025-000043 | B44: Approved | C44: 45966.635 | D44: 45970.292 | F44: Reyes, Kaye | G44: Manila | H44: AGT Tower lobby | I44: Airport | J44: HR/TA Related | K44: Generated dashboard seed trip. | L44: Pickup / Drop-Off | M44: Padilla, Marlon | N44: VAN-002 | O44: FAR 7820 | R44: Abanto, Norlyn | S44: 45966.923 | T44: =TEXT(D44,"mmm yyyy") -> Nov 2025 | U44: =TEXT(D44,"ddd") -> Sun | V44: =INT(D44)-INT(C44) -> 4 | W44: =IF(M44="","No","Yes") -> Yes | X44: =IF(AND(W44="Yes",S44<>""),ROUND((S44-C44)*24,1),"") -> 6.9 | Y44: =IF(X44="","N/A",IF(X44<=12,"Yes","No")) -> Yes | Z44: =IF(B44="Pending",TODAY()-INT(C44),"")
A45: VR-2025-000044 | B45: Cancelled | C45: 45968.544 | D45: 45972.396 | E45: 0.70833333 | F45: Cruz, Ivan | G45: Manila | H45: GLS Building | I45: Standby | J45: Others | K45: Generated dashboard seed trip. | L45: Standby Van | R45: Abanto, Norlyn | S45: 45968.908 | T45: =TEXT(D45,"mmm yyyy") -> Nov 2025 | U45: =TEXT(D45,"ddd") -> Tue | V45: =INT(D45)-INT(C45) -> 4 | W45: =IF(M45="","No","Yes") -> No | X45: =IF(AND(W45="Yes",S45<>""),ROUND((S45-C45)*24,1),"") | Y45: =IF(X45="","N/A",IF(X45<=12,"Yes","No")) -> N/A | Z45: =IF(B45="Pending",TODAY()-INT(C45),"")
A46: VR-2025-000046 | B46: Cancelled | C46: 45969.622 | D46: 45973.271 | F46: Reyes, Kaye | G46: Iloilo | H46: AGT Tower lobby | I46: GLS Building | J46: HR/TA Related | K46: Generated dashboard seed trip. | L46: Pickup / Drop-Off | R46: Abanto, Norlyn | S46: 45969.815 | T46: =TEXT(D46,"mmm yyyy") -> Nov 2025 | U46: =TEXT(D46,"ddd") -> Wed | V46: =INT(D46)-INT(C46) -> 4 | W46: =IF(M46="","No","Yes") -> No | X46: =IF(AND(W46="Yes",S46<>""),ROUND((S46-C46)*24,1),"") | Y46: =IF(X46="","N/A",IF(X46<=12,"Yes","No")) -> N/A | Z46: =IF(B46="Pending",TODAY()-INT(C46),"")
A47: VR-2025-000045 | B47: Approved | C47: 45969.472 | D47: 45973.271 | E47: 0.70833333 | F47: Mateo, Angel | G47: Manila | H47: AGT Tower lobby | I47: Standby | J47: Others | K47: Generated dashboard seed trip. | L47: Standby Van | M47: Villanueva, Rey | N47: VAN-002 | O47: FAR 7820 | R47: Abanto, Norlyn | S47: 45969.56 | T47: =TEXT(D47,"mmm yyyy") -> Nov 2025 | U47: =TEXT(D47,"ddd") -> Wed | V47: =INT(D47)-INT(C47) -> 4 | W47: =IF(M47="","No","Yes") -> Yes | X47: =IF(AND(W47="Yes",S47<>""),ROUND((S47-C47)*24,1),"") -> 2.1 | Y47: =IF(X47="","N/A",IF(X47<=12,"Yes","No")) -> Yes | Z47: =IF(B47="Pending",TODAY()-INT(C47),"")
A48: VR-2025-000047 | B48: Cancelled | C48: 45970.747 | D48: 45974.292 | F48: Reyes, Kaye | G48: Manila | H48: GLS Building | I48: AGT Tower lobby | J48: HR/TA Related | K48: Generated dashboard seed trip. | L48: Pickup / Drop-Off | R48: Abanto, Norlyn | S48: 45970.81 | T48: =TEXT(D48,"mmm yyyy") -> Nov 2025 | U48: =TEXT(D48,"ddd") -> Thu | V48: =INT(D48)-INT(C48) -> 4 | W48: =IF(M48="","No","Yes") -> No | X48: =IF(AND(W48="Yes",S48<>""),ROUND((S48-C48)*24,1),"") | Y48: =IF(X48="","N/A",IF(X48<=12,"Yes","No")) -> N/A | Z48: =IF(B48="Pending",TODAY()-INT(C48),"")
A49: VR-2025-000048 | B49: Approved | C49: 45973.676 | D49: 45977.542 | F49: Cruz, Ivan | G49: Iloilo | H49: GLS Building | I49: AGT Tower lobby | J49: Others | K49: Generated dashboard seed trip. | L49: Pickup / Drop-Off | M49: Sarmiento, Joel | N49: VAN-001 | O49: FAR 8931 | R49: Abanto, Norlyn | S49: 45973.742 | T49: =TEXT(D49,"mmm yyyy") -> Nov 2025 | U49: =TEXT(D49,"ddd") -> Sun | V49: =INT(D49)-INT(C49) -> 4 | W49: =IF(M49="","No","Yes") -> Yes | X49: =IF(AND(W49="Yes",S49<>""),ROUND((S49-C49)*24,1),"") -> 1.6 | Y49: =IF(X49="","N/A",IF(X49<=12,"Yes","No")) -> Yes | Z49: =IF(B49="Pending",TODAY()-INT(C49),"")
A50: VR-2025-000049 | B50: Approved | C50: 45974.427 | D50: 45978.292 | F50: Dizon, Marco | G50: Iloilo | H50: AGT Tower lobby | I50: GLS Building | J50: Others | K50: Generated dashboard seed trip. | L50: Pickup / Drop-Off | M50: Sarmiento, Joel | N50: VAN-001 | O50: FAR 8931 | R50: Abanto, Norlyn | S50: 45975.004 | T50: =TEXT(D50,"mmm yyyy") -> Nov 2025 | U50: =TEXT(D50,"ddd") -> Mon | V50: =INT(D50)-INT(C50) -> 4 | W50: =IF(M50="","No","Yes") -> Yes | X50: =IF(AND(W50="Yes",S50<>""),ROUND((S50-C50)*24,1),"") -> 13.9 | Y50: =IF(X50="","N/A",IF(X50<=12,"Yes","No")) -> No | Z50: =IF(B50="Pending",TODAY()-INT(C50),"")
A51: VR-2025-000051 | B51: Approved | C51: 45975.549 | D51: 45979.271 | F51: Reyes, Kaye | G51: Iloilo | H51: GLS Building | I51: AGT Tower lobby | J51: HR/TA Related | K51: Generated dashboard seed trip. | L51: Pickup / Drop-Off | M51: Sarmiento, Joel | N51: VAN-001 | O51: FAR 8931 | R51: Abanto, Norlyn | S51: 45975.911 | T51: =TEXT(D51,"mmm yyyy") -> Nov 2025 | U51: =TEXT(D51,"ddd") -> Tue | V51: =INT(D51)-INT(C51) -> 4 | W51: =IF(M51="","No","Yes") -> Yes | X51: =IF(AND(W51="Yes",S51<>""),ROUND((S51-C51)*24,1),"") -> 8.7 | Y51: =IF(X51="","N/A",IF(X51<=12,"Yes","No")) -> Yes | Z51: =IF(B51="Pending",TODAY()-INT(C51),"")
A52: VR-2025-000050 | B52: Approved | C52: 45975.442 | D52: 45979.292 | F52: Jimera, Arielle | G52: Manila | H52: GLS Building | I52: AGT Tower lobby | J52: HR/TA Related | K52: Generated dashboard seed trip. | L52: Pickup / Drop-Off | M52: Padilla, Marlon | N52: VAN-004 | O52: NII 6324 | R52: Abanto, Norlyn | S52: 45975.917 | T52: =TEXT(D52,"mmm yyyy") -> Nov 2025 | U52: =TEXT(D52,"ddd") -> Tue | V52: =INT(D52)-INT(C52) -> 4 | W52: =IF(M52="","No","Yes") -> Yes | X52: =IF(AND(W52="Yes",S52<>""),ROUND((S52-C52)*24,1),"") -> 11.4 | Y52: =IF(X52="","N/A",IF(X52<=12,"Yes","No")) -> Yes | Z52: =IF(B52="Pending",TODAY()-INT(C52),"")
A53: VR-2025-000052 | B53: Approved | C53: 45976.513 | D53: 45980.333 | F53: Mateo, Angel | G53: Manila | H53: AGT Tower lobby | I53: Airport | J53: HR/TA Related | K53: Generated dashboard seed trip. | L53: Pickup / Drop-Off | M53: Ocampo, Dennis | N53: VAN-002 | O53: FAR 7820 | R53: Abanto, Norlyn | S53: 45977.253 | T53: =TEXT(D53,"mmm yyyy") -> Nov 2025 | U53: =TEXT(D53,"ddd") -> Wed | V53: =INT(D53)-INT(C53) -> 4 | W53: =IF(M53="","No","Yes") -> Yes | X53: =IF(AND(W53="Yes",S53<>""),ROUND((S53-C53)*24,1),"") -> 17.8 | Y53: =IF(X53="","N/A",IF(X53<=12,"Yes","No")) -> No | Z53: =IF(B53="Pending",TODAY()-INT(C53),"")
A54: VR-2025-000053 | B54: Cancelled | C54: 45977.699 | D54: 45981.396 | F54: Reyes, Kaye | G54: Iloilo | H54: GLS Building | I54: Hotel | J54: HR/TA Related | K54: Generated dashboard seed trip. | L54: Pickup / Drop-Off | R54: Abanto, Norlyn | S54: 45978.042 | T54: =TEXT(D54,"mmm yyyy") -> Nov 2025 | U54: =TEXT(D54,"ddd") -> Thu | V54: =INT(D54)-INT(C54) -> 4 | W54: =IF(M54="","No","Yes") -> No | X54: =IF(AND(W54="Yes",S54<>""),ROUND((S54-C54)*24,1),"") | Y54: =IF(X54="","N/A",IF(X54<=12,"Yes","No")) -> N/A | Z54: =IF(B54="Pending",TODAY()-INT(C54),"")
A55: VR-2025-000054 | B55: Approved | C55: 45979.505 | D55: 45983.333 | F55: Reyes, Kaye | G55: Iloilo | H55: GLS Building | I55: Hotel | J55: IT-Related | K55: Generated dashboard seed trip. | L55: Pickup / Drop-Off | M55: Villanueva, Rey | N55: VAN-002 | O55: FAR 7820 | R55: Abanto, Norlyn | S55: 45980.143 | T55: =TEXT(D55,"mmm yyyy") -> Nov 2025 | U55: =TEXT(D55,"ddd") -> Sat | V55: =INT(D55)-INT(C55) -> 4 | W55: =IF(M55="","No","Yes") -> Yes | X55: =IF(AND(W55="Yes",S55<>""),ROUND((S55-C55)*24,1),"") -> 15.3 | Y55: =IF(X55="","N/A",IF(X55<=12,"Yes","No")) -> No | Z55: =IF(B55="Pending",TODAY()-INT(C55),"")
A56: VR-2025-000055 | B56: Rejected | C56: 45979.682 | D56: 45983.333 | F56: Reyes, Kaye | G56: Iloilo | H56: AGT Tower lobby | I56: Airport | J56: HR/TA Related | K56: Generated dashboard seed trip. | L56: Pickup / Drop-Off | R56: Abanto, Norlyn | S56: 45979.952 | T56: =TEXT(D56,"mmm yyyy") -> Nov 2025 | U56: =TEXT(D56,"ddd") -> Sat | V56: =INT(D56)-INT(C56) -> 4 | W56: =IF(M56="","No","Yes") -> No | X56: =IF(AND(W56="Yes",S56<>""),ROUND((S56-C56)*24,1),"") | Y56: =IF(X56="","N/A",IF(X56<=12,"Yes","No")) -> N/A | Z56: =IF(B56="Pending",TODAY()-INT(C56),"")
A57: VR-2025-000056 | B57: Approved | C57: 45981.549 | D57: 45985.333 | F57: Reyes, Kaye | G57: Manila | H57: GLS Building | I57: AGT Tower lobby | J57: Travel-Related (Airport Transfers) | K57: Generated dashboard seed trip. | L57: Pickup / Drop-Off | M57: Villanueva, Rey | N57: VAN-001 | O57: FAR 8931 | R57: Abanto, Norlyn | S57: 45981.876 | T57: =TEXT(D57,"mmm yyyy") -> Nov 2025 | U57: =TEXT(D57,"ddd") -> Mon | V57: =INT(D57)-INT(C57) -> 4 | W57: =IF(M57="","No","Yes") -> Yes | X57: =IF(AND(W57="Yes",S57<>""),ROUND((S57-C57)*24,1),"") -> 7.8 | Y57: =IF(X57="","N/A",IF(X57<=12,"Yes","No")) -> Yes | Z57: =IF(B57="Pending",TODAY()-INT(C57),"")
A58: VR-2025-000057 | B58: Rejected | C58: 45982.386 | D58: 45986.542 | F58: Cruz, Ivan | G58: Manila | H58: AGT Tower lobby | I58: Airport | J58: HR/TA Related | K58: Generated dashboard seed trip. | L58: Pickup / Drop-Off | R58: Abanto, Norlyn | S58: 45982.482 | T58: =TEXT(D58,"mmm yyyy") -> Nov 2025 | U58: =TEXT(D58,"ddd") -> Tue | V58: =INT(D58)-INT(C58) -> 4 | W58: =IF(M58="","No","Yes") -> No | X58: =IF(AND(W58="Yes",S58<>""),ROUND((S58-C58)*24,1),"") | Y58: =IF(X58="","N/A",IF(X58<=12,"Yes","No")) -> N/A | Z58: =IF(B58="Pending",TODAY()-INT(C58),"")
A59: VR-2025-000058 | B59: Rejected | C59: 45993.721 | D59: 45997.729 | F59: Salcedo, Liza | G59: Iloilo | H59: AGT Tower lobby | I59: GLS Building | J59: Others | K59: Generated dashboard seed trip. | L59: Pickup / Drop-Off | R59: Abanto, Norlyn | S59: 45994.135 | T59: =TEXT(D59,"mmm yyyy") -> Dec 2025 | U59: =TEXT(D59,"ddd") -> Sat | V59: =INT(D59)-INT(C59) -> 4 | W59: =IF(M59="","No","Yes") -> No | X59: =IF(AND(W59="Yes",S59<>""),ROUND((S59-C59)*24,1),"") | Y59: =IF(X59="","N/A",IF(X59<=12,"Yes","No")) -> N/A | Z59: =IF(B59="Pending",TODAY()-INT(C59),"")
A60: VR-2025-000059 | B60: Approved | C60: 45997.649 | D60: 46001.333 | F60: Salcedo, Liza | G60: Manila | H60: GLS Building | I60: Hotel | J60: Travel-Related (Airport Transfers) | K60: Generated dashboard seed trip. | L60: Pickup / Drop-Off | M60: Padilla, Marlon | N60: VAN-003 | O60: NHU 8001 | R60: Abanto, Norlyn | S60: 45997.816 | T60: =TEXT(D60,"mmm yyyy") -> Dec 2025 | U60: =TEXT(D60,"ddd") -> Wed | V60: =INT(D60)-INT(C60) -> 4 | W60: =IF(M60="","No","Yes") -> Yes | X60: =IF(AND(W60="Yes",S60<>""),ROUND((S60-C60)*24,1),"") -> 4 | Y60: =IF(X60="","N/A",IF(X60<=12,"Yes","No")) -> Yes | Z60: =IF(B60="Pending",TODAY()-INT(C60),"")
A61: VR-2025-000060 | B61: Cancelled | C61: 45998.681 | D61: 46002.333 | E61: 0.70833333 | F61: Cruz, Ivan | G61: Iloilo | H61: AGT Tower lobby | I61: Standby | J61: Others | K61: Generated dashboard seed trip. | L61: Standby Van | R61: Abanto, Norlyn | S61: 45999.128 | T61: =TEXT(D61,"mmm yyyy") -> Dec 2025 | U61: =TEXT(D61,"ddd") -> Thu | V61: =INT(D61)-INT(C61) -> 4 | W61: =IF(M61="","No","Yes") -> No | X61: =IF(AND(W61="Yes",S61<>""),ROUND((S61-C61)*24,1),"") | Y61: =IF(X61="","N/A",IF(X61<=12,"Yes","No")) -> N/A | Z61: =IF(B61="Pending",TODAY()-INT(C61),"")
A62: VR-2025-000061 | B62: Approved | C62: 46001.45 | D62: 46005.292 | F62: Cruz, Ivan | G62: Manila | H62: GLS Building | I62: Hotel | J62: Others | K62: Generated dashboard seed trip. | L62: Pickup / Drop-Off | M62: Padilla, Marlon | N62: VAN-002 | O62: FAR 7820 | R62: Abanto, Norlyn | S62: 46001.558 | T62: =TEXT(D62,"mmm yyyy") -> Dec 2025 | U62: =TEXT(D62,"ddd") -> Sun | V62: =INT(D62)-INT(C62) -> 4 | W62: =IF(M62="","No","Yes") -> Yes | X62: =IF(AND(W62="Yes",S62<>""),ROUND((S62-C62)*24,1),"") -> 2.6 | Y62: =IF(X62="","N/A",IF(X62<=12,"Yes","No")) -> Yes | Z62: =IF(B62="Pending",TODAY()-INT(C62),"")
A63: VR-2025-000062 | B63: Rejected | C63: 46002.586 | D63: 46006.729 | F63: Cruz, Ivan | G63: Manila | H63: GLS Building | I63: AGT Tower lobby | J63: IT-Related | K63: Generated dashboard seed trip. | L63: Pickup / Drop-Off | R63: Abanto, Norlyn | S63: 46003.037 | T63: =TEXT(D63,"mmm yyyy") -> Dec 2025 | U63: =TEXT(D63,"ddd") -> Mon | V63: =INT(D63)-INT(C63) -> 4 | W63: =IF(M63="","No","Yes") -> No | X63: =IF(AND(W63="Yes",S63<>""),ROUND((S63-C63)*24,1),"") | Y63: =IF(X63="","N/A",IF(X63<=12,"Yes","No")) -> N/A | Z63: =IF(B63="Pending",TODAY()-INT(C63),"")
A64: VR-2025-000063 | B64: Rejected | C64: 46006.665 | D64: 46010.542 | F64: Salcedo, Liza | G64: Manila | H64: AGT Tower lobby | I64: GLS Building | J64: HR/TA Related | K64: Generated dashboard seed trip. | L64: Pickup / Drop-Off | R64: Abanto, Norlyn | S64: 46006.897 | T64: =TEXT(D64,"mmm yyyy") -> Dec 2025 | U64: =TEXT(D64,"ddd") -> Fri | V64: =INT(D64)-INT(C64) -> 4 | W64: =IF(M64="","No","Yes") -> No | X64: =IF(AND(W64="Yes",S64<>""),ROUND((S64-C64)*24,1),"") | Y64: =IF(X64="","N/A",IF(X64<=12,"Yes","No")) -> N/A | Z64: =IF(B64="Pending",TODAY()-INT(C64),"")
A65: VR-2025-000064 | B65: Rejected | C65: 46007.733 | D65: 46011.729 | E65: 0.041666667 | F65: Jimera, Arielle | G65: Manila | H65: GLS Building | I65: Standby | J65: Others | K65: Generated dashboard seed trip. | L65: Standby Van | R65: Abanto, Norlyn | S65: 46007.787 | T65: =TEXT(D65,"mmm yyyy") -> Dec 2025 | U65: =TEXT(D65,"ddd") -> Sat | V65: =INT(D65)-INT(C65) -> 4 | W65: =IF(M65="","No","Yes") -> No | X65: =IF(AND(W65="Yes",S65<>""),ROUND((S65-C65)*24,1),"") | Y65: =IF(X65="","N/A",IF(X65<=12,"Yes","No")) -> N/A | Z65: =IF(B65="Pending",TODAY()-INT(C65),"")
A66: VR-2025-000066 | B66: Rejected | C66: 46008.447 | D66: 46012.396 | F66: Reyes, Kaye | G66: Iloilo | H66: AGT Tower lobby | I66: Airport | J66: HR/TA Related | K66: Generated dashboard seed trip. | L66: Pickup / Drop-Off | R66: Abanto, Norlyn | S66: 46008.863 | T66: =TEXT(D66,"mmm yyyy") -> Dec 2025 | U66: =TEXT(D66,"ddd") -> Sun | V66: =INT(D66)-INT(C66) -> 4 | W66: =IF(M66="","No","Yes") -> No | X66: =IF(AND(W66="Yes",S66<>""),ROUND((S66-C66)*24,1),"") | Y66: =IF(X66="","N/A",IF(X66<=12,"Yes","No")) -> N/A | Z66: =IF(B66="Pending",TODAY()-INT(C66),"")
A67: VR-2025-000067 | B67: Approved | C67: 46008.681 | D67: 46012.542 | E67: 0.70833333 | F67: Dizon, Marco | G67: Iloilo | H67: AGT Tower lobby | I67: Standby | J67: Others | K67: Generated dashboard seed trip. | L67: Standby Van | M67: Sarmiento, Joel | N67: VAN-001 | O67: FAR 8931 | R67: Abanto, Norlyn | S67: 46008.721 | T67: =TEXT(D67,"mmm yyyy") -> Dec 2025 | U67: =TEXT(D67,"ddd") -> Sun | V67: =INT(D67)-INT(C67) -> 4 | W67: =IF(M67="","No","Yes") -> Yes | X67: =IF(AND(W67="Yes",S67<>""),ROUND((S67-C67)*24,1),"") -> 1 | Y67: =IF(X67="","N/A",IF(X67<=12,"Yes","No")) -> Yes | Z67: =IF(B67="Pending",TODAY()-INT(C67),"")
A68: VR-2025-000065 | B68: Pending | C68: 46008.407 | D68: 46012.729 | E68: 0.041666667 | F68: Salcedo, Liza | G68: Manila | H68: GLS Building | I68: Standby | J68: Others | K68: Generated dashboard seed trip. | L68: Standby Van | T68: =TEXT(D68,"mmm yyyy") -> Dec 2025 | U68: =TEXT(D68,"ddd") -> Sun | V68: =INT(D68)-INT(C68) -> 4 | W68: =IF(M68="","No","Yes") -> No | X68: =IF(AND(W68="Yes",S68<>""),ROUND((S68-C68)*24,1),"") | Y68: =IF(X68="","N/A",IF(X68<=12,"Yes","No")) -> N/A | Z68: =IF(B68="Pending",TODAY()-INT(C68),"") -> 266
A69: VR-2025-000068 | B69: Pending | C69: 46009.613 | D69: 46013.542 | F69: Jimera, Arielle | G69: Iloilo | H69: AGT Tower lobby | I69: GLS Building | J69: Others | K69: Generated dashboard seed trip. | L69: Pickup / Drop-Off | T69: =TEXT(D69,"mmm yyyy") -> Dec 2025 | U69: =TEXT(D69,"ddd") -> Mon | V69: =INT(D69)-INT(C69) -> 4 | W69: =IF(M69="","No","Yes") -> No | X69: =IF(AND(W69="Yes",S69<>""),ROUND((S69-C69)*24,1),"") | Y69: =IF(X69="","N/A",IF(X69<=12,"Yes","No")) -> N/A | Z69: =IF(B69="Pending",TODAY()-INT(C69),"") -> 265
A70: VR-2025-000069 | B70: Pending | C70: 46009.671 | D70: 46013.729 | F70: Reyes, Kaye | G70: Iloilo | H70: GLS Building | I70: Hotel | J70: Travel-Related (Airport Transfers) | K70: Generated dashboard seed trip. | L70: Pickup / Drop-Off | T70: =TEXT(D70,"mmm yyyy") -> Dec 2025 | U70: =TEXT(D70,"ddd") -> Mon | V70: =INT(D70)-INT(C70) -> 4 | W70: =IF(M70="","No","Yes") -> No | X70: =IF(AND(W70="Yes",S70<>""),ROUND((S70-C70)*24,1),"") | Y70: =IF(X70="","N/A",IF(X70<=12,"Yes","No")) -> N/A | Z70: =IF(B70="Pending",TODAY()-INT(C70),"") -> 265
A71: VR-2025-000070 | B71: Approved | C71: 46010.427 | D71: 46014.292 | E71: 0.70833333 | F71: Mateo, Angel | G71: Iloilo | H71: AGT Tower lobby | I71: Standby | J71: Others | K71: Generated dashboard seed trip. | L71: Standby Van | M71: Padilla, Marlon | N71: VAN-004 | O71: NII 6324 | R71: Abanto, Norlyn | S71: 46010.744 | T71: =TEXT(D71,"mmm yyyy") -> Dec 2025 | U71: =TEXT(D71,"ddd") -> Tue | V71: =INT(D71)-INT(C71) -> 4 | W71: =IF(M71="","No","Yes") -> Yes | X71: =IF(AND(W71="Yes",S71<>""),ROUND((S71-C71)*24,1),"") -> 7.6 | Y71: =IF(X71="","N/A",IF(X71<=12,"Yes","No")) -> Yes | Z71: =IF(B71="Pending",TODAY()-INT(C71),"")
A72: VR-2025-000071 | B72: Cancelled | C72: 46016.569 | D72: 46019.271 | F72: Dizon, Marco | G72: Iloilo | H72: GLS Building | I72: AGT Tower lobby | J72: IT-Related | K72: Generated dashboard seed trip. | L72: Pickup / Drop-Off | R72: Abanto, Norlyn | S72: 46016.665 | T72: =TEXT(D72,"mmm yyyy") -> Dec 2025 | U72: =TEXT(D72,"ddd") -> Sun | V72: =INT(D72)-INT(C72) -> 3 | W72: =IF(M72="","No","Yes") -> No | X72: =IF(AND(W72="Yes",S72<>""),ROUND((S72-C72)*24,1),"") | Y72: =IF(X72="","N/A",IF(X72<=12,"Yes","No")) -> N/A | Z72: =IF(B72="Pending",TODAY()-INT(C72),"")
A73: VR-2026-000001 | B73: Cancelled | C73: 46023.653 | D73: 46027.292 | F73: Reyes, Kaye | G73: Iloilo | H73: GLS Building | I73: AGT Tower lobby | J73: IT-Related | K73: Generated dashboard seed trip. | L73: Pickup / Drop-Off | R73: Abanto, Norlyn | S73: 46023.982 | T73: =TEXT(D73,"mmm yyyy") -> Jan 2026 | U73: =TEXT(D73,"ddd") -> Mon | V73: =INT(D73)-INT(C73) -> 4 | W73: =IF(M73="","No","Yes") -> No | X73: =IF(AND(W73="Yes",S73<>""),ROUND((S73-C73)*24,1),"") | Y73: =IF(X73="","N/A",IF(X73<=12,"Yes","No")) -> N/A | Z73: =IF(B73="Pending",TODAY()-INT(C73),"")
A74: VR-2026-000002 | B74: Approved | C74: 46024.622 | D74: 46028.271 | F74: Dizon, Marco | G74: Manila | H74: GLS Building | I74: AGT Tower lobby | J74: IT-Related | K74: Generated dashboard seed trip. | L74: Pickup / Drop-Off | M74: Padilla, Marlon | N74: VAN-003 | O74: NHU 8001 | R74: Abanto, Norlyn | S74: 46024.785 | T74: =TEXT(D74,"mmm yyyy") -> Jan 2026 | U74: =TEXT(D74,"ddd") -> Tue | V74: =INT(D74)-INT(C74) -> 4 | W74: =IF(M74="","No","Yes") -> Yes | X74: =IF(AND(W74="Yes",S74<>""),ROUND((S74-C74)*24,1),"") -> 3.9 | Y74: =IF(X74="","N/A",IF(X74<=12,"Yes","No")) -> Yes | Z74: =IF(B74="Pending",TODAY()-INT(C74),"")
A75: VR-2026-000005 | B75: Pending | C75: 46025.742 | D75: 46029.292 | F75: Jimera, Arielle | G75: Iloilo | H75: AGT Tower lobby | I75: Airport | J75: Travel-Related (Airport Transfers) | K75: Generated dashboard seed trip. | L75: Pickup / Drop-Off | T75: =TEXT(D75,"mmm yyyy") -> Jan 2026 | U75: =TEXT(D75,"ddd") -> Wed | V75: =INT(D75)-INT(C75) -> 4 | W75: =IF(M75="","No","Yes") -> No | X75: =IF(AND(W75="Yes",S75<>""),ROUND((S75-C75)*24,1),"") | Y75: =IF(X75="","N/A",IF(X75<=12,"Yes","No")) -> N/A | Z75: =IF(B75="Pending",TODAY()-INT(C75),"") -> 249
A76: VR-2026-000003 | B76: Approved | C76: 46025.413 | D76: 46029.729 | E76: 0.041666667 | F76: Mateo, Angel | G76: Manila | H76: GLS Building | I76: Standby | J76: Others | K76: Generated dashboard seed trip. | L76: Standby Van | M76: Ocampo, Dennis | N76: VAN-002 | O76: FAR 7820 | R76: Abanto, Norlyn | S76: 46025.452 | T76: =TEXT(D76,"mmm yyyy") -> Jan 2026 | U76: =TEXT(D76,"ddd") -> Wed | V76: =INT(D76)-INT(C76) -> 4 | W76: =IF(M76="","No","Yes") -> Yes | X76: =IF(AND(W76="Yes",S76<>""),ROUND((S76-C76)*24,1),"") -> 0.9 | Y76: =IF(X76="","N/A",IF(X76<=12,"Yes","No")) -> Yes | Z76: =IF(B76="Pending",TODAY()-INT(C76),"")
A77: VR-2026-000004 | B77: Approved | C77: 46025.599 | D77: 46029.729 | F77: Jimera, Arielle | G77: Iloilo | H77: AGT Tower lobby | I77: GLS Building | J77: Travel-Related (Airport Transfers) | K77: Generated dashboard seed trip. | L77: Pickup / Drop-Off | M77: Sarmiento, Joel | N77: VAN-001 | O77: FAR 8931 | R77: Abanto, Norlyn | S77: 46026.926 | T77: =TEXT(D77,"mmm yyyy") -> Jan 2026 | U77: =TEXT(D77,"ddd") -> Wed | V77: =INT(D77)-INT(C77) -> 4 | W77: =IF(M77="","No","Yes") -> Yes | X77: =IF(AND(W77="Yes",S77<>""),ROUND((S77-C77)*24,1),"") -> 31.9 | Y77: =IF(X77="","N/A",IF(X77<=12,"Yes","No")) -> No | Z77: =IF(B77="Pending",TODAY()-INT(C77),"")
A78: VR-2026-000006 | B78: Approved | C78: 46027.4 | D78: 46031.292 | E78: 0.70833333 | F78: Jimera, Arielle | G78: Manila | H78: GLS Building | I78: Standby | J78: Others | K78: Generated dashboard seed trip. | L78: Standby Van | M78: Padilla, Marlon | N78: VAN-003 | O78: NHU 8001 | R78: Abanto, Norlyn | S78: 46027.777 | T78: =TEXT(D78,"mmm yyyy") -> Jan 2026 | U78: =TEXT(D78,"ddd") -> Fri | V78: =INT(D78)-INT(C78) -> 4 | W78: =IF(M78="","No","Yes") -> Yes | X78: =IF(AND(W78="Yes",S78<>""),ROUND((S78-C78)*24,1),"") -> 9.1 | Y78: =IF(X78="","N/A",IF(X78<=12,"Yes","No")) -> Yes | Z78: =IF(B78="Pending",TODAY()-INT(C78),"")
A79: VR-2026-000007 | B79: Approved | C79: 46028.508 | D79: 46032.396 | E79: 0.70833333 | F79: Reyes, Kaye | G79: Manila | H79: GLS Building | I79: Standby | J79: Others | K79: Generated dashboard seed trip. | L79: Standby Van | M79: Ocampo, Dennis | N79: VAN-001 | O79: FAR 8931 | R79: Abanto, Norlyn | S79: 46028.902 | T79: =TEXT(D79,"mmm yyyy") -> Jan 2026 | U79: =TEXT(D79,"ddd") -> Sat | V79: =INT(D79)-INT(C79) -> 4 | W79: =IF(M79="","No","Yes") -> Yes | X79: =IF(AND(W79="Yes",S79<>""),ROUND((S79-C79)*24,1),"") -> 9.5 | Y79: =IF(X79="","N/A",IF(X79<=12,"Yes","No")) -> Yes | Z79: =IF(B79="Pending",TODAY()-INT(C79),"")
A80: VR-2026-000008 | B80: Approved | C80: 46028.724 | D80: 46032.396 | F80: Salcedo, Liza | G80: Manila | H80: AGT Tower lobby | I80: Airport | J80: IT-Related | K80: Generated dashboard seed trip. | L80: Pickup / Drop-Off | M80: Padilla, Marlon | N80: VAN-002 | O80: FAR 7820 | R80: Abanto, Norlyn | S80: 46029.064 | T80: =TEXT(D80,"mmm yyyy") -> Jan 2026 | U80: =TEXT(D80,"ddd") -> Sat | V80: =INT(D80)-INT(C80) -> 4 | W80: =IF(M80="","No","Yes") -> Yes | X80: =IF(AND(W80="Yes",S80<>""),ROUND((S80-C80)*24,1),"") -> 8.2 | Y80: =IF(X80="","N/A",IF(X80<=12,"Yes","No")) -> Yes | Z80: =IF(B80="Pending",TODAY()-INT(C80),"")
A81: VR-2026-000010 | B81: Cancelled | C81: 46029.656 | D81: 46033.396 | E81: 0.70833333 | F81: Salcedo, Liza | G81: Iloilo | H81: AGT Tower lobby | I81: Standby | J81: Others | K81: Generated dashboard seed trip. | L81: Standby Van | R81: Abanto, Norlyn | S81: 46030.002 | T81: =TEXT(D81,"mmm yyyy") -> Jan 2026 | U81: =TEXT(D81,"ddd") -> Sun | V81: =INT(D81)-INT(C81) -> 4 | W81: =IF(M81="","No","Yes") -> No | X81: =IF(AND(W81="Yes",S81<>""),ROUND((S81-C81)*24,1),"") | Y81: =IF(X81="","N/A",IF(X81<=12,"Yes","No")) -> N/A | Z81: =IF(B81="Pending",TODAY()-INT(C81),"")
A82: VR-2026-000009 | B82: Rejected | C82: 46029.572 | D82: 46033.542 | F82: Dizon, Marco | G82: Manila | H82: AGT Tower lobby | I82: Airport | J82: Others | K82: Generated dashboard seed trip. | L82: Pickup / Drop-Off | R82: Abanto, Norlyn | S82: 46029.787 | T82: =TEXT(D82,"mmm yyyy") -> Jan 2026 | U82: =TEXT(D82,"ddd") -> Sun | V82: =INT(D82)-INT(C82) -> 4 | W82: =IF(M82="","No","Yes") -> No | X82: =IF(AND(W82="Yes",S82<>""),ROUND((S82-C82)*24,1),"") | Y82: =IF(X82="","N/A",IF(X82<=12,"Yes","No")) -> N/A | Z82: =IF(B82="Pending",TODAY()-INT(C82),"")
A83: VR-2026-000011 | B83: Pending | C83: 46031.469 | D83: 46035.292 | E83: 0.70833333 | F83: Mateo, Angel | G83: Iloilo | H83: AGT Tower lobby | I83: Standby | J83: Others | K83: Generated dashboard seed trip. | L83: Standby Van | T83: =TEXT(D83,"mmm yyyy") -> Jan 2026 | U83: =TEXT(D83,"ddd") -> Tue | V83: =INT(D83)-INT(C83) -> 4 | W83: =IF(M83="","No","Yes") -> No | X83: =IF(AND(W83="Yes",S83<>""),ROUND((S83-C83)*24,1),"") | Y83: =IF(X83="","N/A",IF(X83<=12,"Yes","No")) -> N/A | Z83: =IF(B83="Pending",TODAY()-INT(C83),"") -> 243
A84: VR-2026-000012 | B84: Approved | C84: 46032.626 | D84: 46036.542 | E84: 0.70833333 | F84: Cruz, Ivan | G84: Manila | H84: AGT Tower lobby | I84: Standby | J84: Others | K84: Generated dashboard seed trip. | L84: Standby Van | M84: Villanueva, Rey | N84: VAN-002 | O84: FAR 7820 | R84: Abanto, Norlyn | S84: 46033.07 | T84: =TEXT(D84,"mmm yyyy") -> Jan 2026 | U84: =TEXT(D84,"ddd") -> Wed | V84: =INT(D84)-INT(C84) -> 4 | W84: =IF(M84="","No","Yes") -> Yes | X84: =IF(AND(W84="Yes",S84<>""),ROUND((S84-C84)*24,1),"") -> 10.7 | Y84: =IF(X84="","N/A",IF(X84<=12,"Yes","No")) -> Yes | Z84: =IF(B84="Pending",TODAY()-INT(C84),"")
A85: VR-2026-000013 | B85: Pending | C85: 46033.542 | D85: 46037.333 | F85: Mateo, Angel | G85: Manila | H85: GLS Building | I85: AGT Tower lobby | J85: HR/TA Related | K85: Generated dashboard seed trip. | L85: Pickup / Drop-Off | T85: =TEXT(D85,"mmm yyyy") -> Jan 2026 | U85: =TEXT(D85,"ddd") -> Thu | V85: =INT(D85)-INT(C85) -> 4 | W85: =IF(M85="","No","Yes") -> No | X85: =IF(AND(W85="Yes",S85<>""),ROUND((S85-C85)*24,1),"") | Y85: =IF(X85="","N/A",IF(X85<=12,"Yes","No")) -> N/A | Z85: =IF(B85="Pending",TODAY()-INT(C85),"") -> 241
A86: VR-2026-000014 | B86: Approved | C86: 46035.492 | D86: 46039.396 | F86: Salcedo, Liza | G86: Manila | H86: AGT Tower lobby | I86: Airport | J86: Others | K86: Generated dashboard seed trip. | L86: Pickup / Drop-Off | M86: Ocampo, Dennis | N86: VAN-003 | O86: NHU 8001 | R86: Abanto, Norlyn | S86: 46036.372 | T86: =TEXT(D86,"mmm yyyy") -> Jan 2026 | U86: =TEXT(D86,"ddd") -> Sat | V86: =INT(D86)-INT(C86) -> 4 | W86: =IF(M86="","No","Yes") -> Yes | X86: =IF(AND(W86="Yes",S86<>""),ROUND((S86-C86)*24,1),"") -> 21.1 | Y86: =IF(X86="","N/A",IF(X86<=12,"Yes","No")) -> No | Z86: =IF(B86="Pending",TODAY()-INT(C86),"")
A87: VR-2026-000015 | B87: Cancelled | C87: 46035.655 | D87: 46039.729 | E87: 0.041666667 | F87: Salcedo, Liza | G87: Manila | H87: GLS Building | I87: Standby | J87: Others | K87: Generated dashboard seed trip. | L87: Standby Van | R87: Abanto, Norlyn | S87: 46036.084 | T87: =TEXT(D87,"mmm yyyy") -> Jan 2026 | U87: =TEXT(D87,"ddd") -> Sat | V87: =INT(D87)-INT(C87) -> 4 | W87: =IF(M87="","No","Yes") -> No | X87: =IF(AND(W87="Yes",S87<>""),ROUND((S87-C87)*24,1),"") | Y87: =IF(X87="","N/A",IF(X87<=12,"Yes","No")) -> N/A | Z87: =IF(B87="Pending",TODAY()-INT(C87),"")
A88: VR-2026-000016 | B88: Approved | C88: 46036.607 | D88: 46040.292 | E88: 0.70833333 | F88: Cruz, Ivan | G88: Iloilo | H88: GLS Building | I88: Standby | J88: Others | K88: Generated dashboard seed trip. | L88: Standby Van | M88: Sarmiento, Joel | N88: VAN-001 | O88: FAR 8931 | R88: Abanto, Norlyn | S88: 46036.922 | T88: =TEXT(D88,"mmm yyyy") -> Jan 2026 | U88: =TEXT(D88,"ddd") -> Sun | V88: =INT(D88)-INT(C88) -> 4 | W88: =IF(M88="","No","Yes") -> Yes | X88: =IF(AND(W88="Yes",S88<>""),ROUND((S88-C88)*24,1),"") -> 7.6 | Y88: =IF(X88="","N/A",IF(X88<=12,"Yes","No")) -> Yes | Z88: =IF(B88="Pending",TODAY()-INT(C88),"")
A89: VR-2026-000017 | B89: Approved | C89: 46040.612 | D89: 46044.396 | E89: 0.70833333 | F89: Cruz, Ivan | G89: Iloilo | H89: GLS Building | I89: Standby | J89: Others | K89: Generated dashboard seed trip. | L89: Standby Van | M89: Villanueva, Rey | N89: VAN-001 | O89: FAR 8931 | R89: Abanto, Norlyn | S89: 46041.017 | T89: =TEXT(D89,"mmm yyyy") -> Jan 2026 | U89: =TEXT(D89,"ddd") -> Thu | V89: =INT(D89)-INT(C89) -> 4 | W89: =IF(M89="","No","Yes") -> Yes | X89: =IF(AND(W89="Yes",S89<>""),ROUND((S89-C89)*24,1),"") -> 9.7 | Y89: =IF(X89="","N/A",IF(X89<=12,"Yes","No")) -> Yes | Z89: =IF(B89="Pending",TODAY()-INT(C89),"")
A90: VR-2026-000018 | B90: Approved | C90: 46041.612 | D90: 46045.292 | F90: Dizon, Marco | G90: Manila | H90: GLS Building | I90: Hotel | J90: Others | K90: Generated dashboard seed trip. | L90: Pickup / Drop-Off | M90: Villanueva, Rey | N90: VAN-001 | O90: FAR 8931 | R90: Abanto, Norlyn | S90: 46042.074 | T90: =TEXT(D90,"mmm yyyy") -> Jan 2026 | U90: =TEXT(D90,"ddd") -> Fri | V90: =INT(D90)-INT(C90) -> 4 | W90: =IF(M90="","No","Yes") -> Yes | X90: =IF(AND(W90="Yes",S90<>""),ROUND((S90-C90)*24,1),"") -> 11.1 | Y90: =IF(X90="","N/A",IF(X90<=12,"Yes","No")) -> Yes | Z90: =IF(B90="Pending",TODAY()-INT(C90),"")
A91: VR-2026-000019 | B91: Approved | C91: 46042.676 | D91: 46046.271 | F91: Reyes, Kaye | G91: Manila | H91: GLS Building | I91: Hotel | J91: Others | K91: Generated dashboard seed trip. | L91: Pickup / Drop-Off | M91: Padilla, Marlon | N91: VAN-003 | O91: NHU 8001 | R91: Abanto, Norlyn | S91: 46043.044 | T91: =TEXT(D91,"mmm yyyy") -> Jan 2026 | U91: =TEXT(D91,"ddd") -> Sat | V91: =INT(D91)-INT(C91) -> 4 | W91: =IF(M91="","No","Yes") -> Yes | X91: =IF(AND(W91="Yes",S91<>""),ROUND((S91-C91)*24,1),"") -> 8.9 | Y91: =IF(X91="","N/A",IF(X91<=12,"Yes","No")) -> Yes | Z91: =IF(B91="Pending",TODAY()-INT(C91),"")
A92: VR-2026-000021 | B92: Pending | C92: 46043.706 | D92: 46047.271 | F92: Reyes, Kaye | G92: Iloilo | H92: AGT Tower lobby | I92: Airport | J92: Travel-Related (Airport Transfers) | K92: Generated dashboard seed trip. | L92: Pickup / Drop-Off | T92: =TEXT(D92,"mmm yyyy") -> Jan 2026 | U92: =TEXT(D92,"ddd") -> Sun | V92: =INT(D92)-INT(C92) -> 4 | W92: =IF(M92="","No","Yes") -> No | X92: =IF(AND(W92="Yes",S92<>""),ROUND((S92-C92)*24,1),"") | Y92: =IF(X92="","N/A",IF(X92<=12,"Yes","No")) -> N/A | Z92: =IF(B92="Pending",TODAY()-INT(C92),"") -> 231
A93: VR-2026-000020 | B93: Cancelled | C93: 46043.433 | D93: 46047.542 | F93: Reyes, Kaye | G93: Iloilo | H93: GLS Building | I93: AGT Tower lobby | J93: Travel-Related (Airport Transfers) | K93: Generated dashboard seed trip. | L93: Pickup / Drop-Off | R93: Abanto, Norlyn | S93: 46043.647 | T93: =TEXT(D93,"mmm yyyy") -> Jan 2026 | U93: =TEXT(D93,"ddd") -> Sun | V93: =INT(D93)-INT(C93) -> 4 | W93: =IF(M93="","No","Yes") -> No | X93: =IF(AND(W93="Yes",S93<>""),ROUND((S93-C93)*24,1),"") | Y93: =IF(X93="","N/A",IF(X93<=12,"Yes","No")) -> N/A | Z93: =IF(B93="Pending",TODAY()-INT(C93),"")
A94: VR-2026-000022 | B94: Approved | C94: 46045.413 | D94: 46049.271 | E94: 0.70833333 | F94: Mateo, Angel | G94: Manila | H94: AGT Tower lobby | I94: Standby | J94: Others | K94: Generated dashboard seed trip. | L94: Standby Van | M94: Sarmiento, Joel | N94: VAN-001 | O94: FAR 8931 | R94: Abanto, Norlyn | S94: 46045.578 | T94: =TEXT(D94,"mmm yyyy") -> Jan 2026 | U94: =TEXT(D94,"ddd") -> Tue | V94: =INT(D94)-INT(C94) -> 4 | W94: =IF(M94="","No","Yes") -> Yes | X94: =IF(AND(W94="Yes",S94<>""),ROUND((S94-C94)*24,1),"") -> 4 | Y94: =IF(X94="","N/A",IF(X94<=12,"Yes","No")) -> Yes | Z94: =IF(B94="Pending",TODAY()-INT(C94),"")
A95: VR-2026-000023 | B95: Approved | C95: 46045.683 | D95: 46049.333 | F95: Cruz, Ivan | G95: Manila | H95: AGT Tower lobby | I95: GLS Building | J95: IT-Related | K95: Generated dashboard seed trip. | L95: Pickup / Drop-Off | M95: Sarmiento, Joel | N95: VAN-004 | O95: NII 6324 | R95: Abanto, Norlyn | S95: 46045.906 | T95: =TEXT(D95,"mmm yyyy") -> Jan 2026 | U95: =TEXT(D95,"ddd") -> Tue | V95: =INT(D95)-INT(C95) -> 4 | W95: =IF(M95="","No","Yes") -> Yes | X95: =IF(AND(W95="Yes",S95<>""),ROUND((S95-C95)*24,1),"") -> 5.4 | Y95: =IF(X95="","N/A",IF(X95<=12,"Yes","No")) -> Yes | Z95: =IF(B95="Pending",TODAY()-INT(C95),"")
A96: VR-2026-000024 | B96: Approved | C96: 46047.512 | D96: 46050.542 | F96: Reyes, Kaye | G96: Manila | H96: GLS Building | I96: Hotel | J96: IT-Related | K96: Generated dashboard seed trip. | L96: Pickup / Drop-Off | M96: Ocampo, Dennis | N96: VAN-001 | O96: FAR 8931 | R96: Abanto, Norlyn | S96: 46048.289 | T96: =TEXT(D96,"mmm yyyy") -> Jan 2026 | U96: =TEXT(D96,"ddd") -> Wed | V96: =INT(D96)-INT(C96) -> 3 | W96: =IF(M96="","No","Yes") -> Yes | X96: =IF(AND(W96="Yes",S96<>""),ROUND((S96-C96)*24,1),"") -> 18.6 | Y96: =IF(X96="","N/A",IF(X96<=12,"Yes","No")) -> No | Z96: =IF(B96="Pending",TODAY()-INT(C96),"")
A97: VR-2026-000025 | B97: Cancelled | C97: 46056.557 | D97: 46060.396 | E97: 0.70833333 | F97: Reyes, Kaye | G97: Iloilo | H97: AGT Tower lobby | I97: Standby | J97: Others | K97: Generated dashboard seed trip. | L97: Standby Van | R97: Abanto, Norlyn | S97: 46056.629 | T97: =TEXT(D97,"mmm yyyy") -> Feb 2026 | U97: =TEXT(D97,"ddd") -> Sat | V97: =INT(D97)-INT(C97) -> 4 | W97: =IF(M97="","No","Yes") -> No | X97: =IF(AND(W97="Yes",S97<>""),ROUND((S97-C97)*24,1),"") | Y97: =IF(X97="","N/A",IF(X97<=12,"Yes","No")) -> N/A | Z97: =IF(B97="Pending",TODAY()-INT(C97),"")
A98: VR-2026-000026 | B98: Approved | C98: 46057.669 | D98: 46061.271 | F98: Salcedo, Liza | G98: Iloilo | H98: GLS Building | I98: Hotel | J98: HR/TA Related | K98: Generated dashboard seed trip. | L98: Pickup / Drop-Off | M98: Padilla, Marlon | N98: VAN-004 | O98: NII 6324 | R98: Abanto, Norlyn | S98: 46058.049 | T98: =TEXT(D98,"mmm yyyy") -> Feb 2026 | U98: =TEXT(D98,"ddd") -> Sun | V98: =INT(D98)-INT(C98) -> 4 | W98: =IF(M98="","No","Yes") -> Yes | X98: =IF(AND(W98="Yes",S98<>""),ROUND((S98-C98)*24,1),"") -> 9.1 | Y98: =IF(X98="","N/A",IF(X98<=12,"Yes","No")) -> Yes | Z98: =IF(B98="Pending",TODAY()-INT(C98),"")
A99: VR-2026-000027 | B99: Rejected | C99: 46058.388 | D99: 46062.271 | F99: Jimera, Arielle | G99: Iloilo | H99: AGT Tower lobby | I99: GLS Building | J99: IT-Related | K99: Generated dashboard seed trip. | L99: Pickup / Drop-Off | R99: Abanto, Norlyn | S99: 46058.462 | T99: =TEXT(D99,"mmm yyyy") -> Feb 2026 | U99: =TEXT(D99,"ddd") -> Mon | V99: =INT(D99)-INT(C99) -> 4 | W99: =IF(M99="","No","Yes") -> No | X99: =IF(AND(W99="Yes",S99<>""),ROUND((S99-C99)*24,1),"") | Y99: =IF(X99="","N/A",IF(X99<=12,"Yes","No")) -> N/A | Z99: =IF(B99="Pending",TODAY()-INT(C99),"")
A100: VR-2026-000028 | B100: Approved | C100: 46060.47 | D100: 46064.271 | F100: Dizon, Marco | G100: Manila | H100: GLS Building | I100: AGT Tower lobby | J100: Travel-Related (Airport Transfers) | K100: Generated dashboard seed trip. | L100: Pickup / Drop-Off | M100: Sarmiento, Joel | N100: VAN-004 | O100: NII 6324 | R100: Abanto, Norlyn | S100: 46060.626 | T100: =TEXT(D100,"mmm yyyy") -> Feb 2026 | U100: =TEXT(D100,"ddd") -> Wed | V100: =INT(D100)-INT(C100) -> 4 | W100: =IF(M100="","No","Yes") -> Yes | X100: =IF(AND(W100="Yes",S100<>""),ROUND((S100-C100)*24,1),"") -> 3.7 | Y100: =IF(X100="","N/A",IF(X100<=12,"Yes","No")) -> Yes | Z100: =IF(B100="Pending",TODAY()-INT(C100),"")
...

Sheet Summary
A1: Status Breakdown
A2: Status | B2: Count | C2: % of Total
A3: Approved | B3: =COUNTIF(Data!$B$2:$B$231,A3) -> 125 | C3: =B3/SUM($B$3:$B$6) -> 0.54347826
A4: Pending | B4: =COUNTIF(Data!$B$2:$B$231,A4) -> 34 | C4: =B4/SUM($B$3:$B$6) -> 0.14782609
A5: Rejected | B5: =COUNTIF(Data!$B$2:$B$231,A5) -> 31 | C5: =B5/SUM($B$3:$B$6) -> 0.13478261
A6: Cancelled | B6: =COUNTIF(Data!$B$2:$B$231,A6) -> 40 | C6: =B6/SUM($B$3:$B$6) -> 0.17391304
A7: Total | B7: =SUM(B3:B6) -> 230
A9: Monthly Trend
A10: Month | B10: Total | C10: Approved | D10: Pending | E10: Rejected | F10: Cancelled
A11: Sep 2025 | B11: =COUNTIF(Data!$T$2:$T$231,A11) -> 22 | C11: =COUNTIFS(Data!$T$2:$T$231,A11,Data!$B$2:$B$231,"Approved") -> 15 | D11: =COUNTIFS(Data!$T$2:$T$231,A11,Data!$B$2:$B$231,"Pending") -> 2 | E11: =COUNTIFS(Data!$T$2:$T$231,A11,Data!$B$2:$B$231,"Rejected") -> 1 | F11: =COUNTIFS(Data!$T$2:$T$231,A11,Data!$B$2:$B$231,"Cancelled") -> 4
A12: Oct 2025 | B12: =COUNTIF(Data!$T$2:$T$231,A12) -> 19 | C12: =COUNTIFS(Data!$T$2:$T$231,A12,Data!$B$2:$B$231,"Approved") -> 13 | D12: =COUNTIFS(Data!$T$2:$T$231,A12,Data!$B$2:$B$231,"Pending") -> 1 | E12: =COUNTIFS(Data!$T$2:$T$231,A12,Data!$B$2:$B$231,"Rejected") -> 3 | F12: =COUNTIFS(Data!$T$2:$T$231,A12,Data!$B$2:$B$231,"Cancelled") -> 2
A13: Nov 2025 | B13: =COUNTIF(Data!$T$2:$T$231,A13) -> 16 | C13: =COUNTIFS(Data!$T$2:$T$231,A13,Data!$B$2:$B$231,"Approved") -> 9 | D13: =COUNTIFS(Data!$T$2:$T$231,A13,Data!$B$2:$B$231,"Pending") -> 0 | E13: =COUNTIFS(Data!$T$2:$T$231,A13,Data!$B$2:$B$231,"Rejected") -> 2 | F13: =COUNTIFS(Data!$T$2:$T$231,A13,Data!$B$2:$B$231,"Cancelled") -> 5
A14: Dec 2025 | B14: =COUNTIF(Data!$T$2:$T$231,A14) -> 14 | C14: =COUNTIFS(Data!$T$2:$T$231,A14,Data!$B$2:$B$231,"Approved") -> 4 | D14: =COUNTIFS(Data!$T$2:$T$231,A14,Data!$B$2:$B$231,"Pending") -> 3 | E14: =COUNTIFS(Data!$T$2:$T$231,A14,Data!$B$2:$B$231,"Rejected") -> 5 | F14: =COUNTIFS(Data!$T$2:$T$231,A14,Data!$B$2:$B$231,"Cancelled") -> 2
A15: Jan 2026 | B15: =COUNTIF(Data!$T$2:$T$231,A15) -> 24 | C15: =COUNTIFS(Data!$T$2:$T$231,A15,Data!$B$2:$B$231,"Approved") -> 15 | D15: =COUNTIFS(Data!$T$2:$T$231,A15,Data!$B$2:$B$231,"Pending") -> 4 | E15: =COUNTIFS(Data!$T$2:$T$231,A15,Data!$B$2:$B$231,"Rejected") -> 1 | F15: =COUNTIFS(Data!$T$2:$T$231,A15,Data!$B$2:$B$231,"Cancelled") -> 4
A16: Feb 2026 | B16: =COUNTIF(Data!$T$2:$T$231,A16) -> 20 | C16: =COUNTIFS(Data!$T$2:$T$231,A16,Data!$B$2:$B$231,"Approved") -> 12 | D16: =COUNTIFS(Data!$T$2:$T$231,A16,Data!$B$2:$B$231,"Pending") -> 1 | E16: =COUNTIFS(Data!$T$2:$T$231,A16,Data!$B$2:$B$231,"Rejected") -> 3 | F16: =COUNTIFS(Data!$T$2:$T$231,A16,Data!$B$2:$B$231,"Cancelled") -> 4
A17: Mar 2026 | B17: =COUNTIF(Data!$T$2:$T$231,A17) -> 14 | C17: =COUNTIFS(Data!$T$2:$T$231,A17,Data!$B$2:$B$231,"Approved") -> 11 | D17: =COUNTIFS(Data!$T$2:$T$231,A17,Data!$B$2:$B$231,"Pending") -> 1 | E17: =COUNTIFS(Data!$T$2:$T$231,A17,Data!$B$2:$B$231,"Rejected") -> 1 | F17: =COUNTIFS(Data!$T$2:$T$231,A17,Data!$B$2:$B$231,"Cancelled") -> 1
A18: Apr 2026 | B18: =COUNTIF(Data!$T$2:$T$231,A18) -> 16 | C18: =COUNTIFS(Data!$T$2:$T$231,A18,Data!$B$2:$B$231,"Approved") -> 6 | D18: =COUNTIFS(Data!$T$2:$T$231,A18,Data!$B$2:$B$231,"Pending") -> 4 | E18: =COUNTIFS(Data!$T$2:$T$231,A18,Data!$B$2:$B$231,"Rejected") -> 3 | F18: =COUNTIFS(Data!$T$2:$T$231,A18,Data!$B$2:$B$231,"Cancelled") -> 3
A19: May 2026 | B19: =COUNTIF(Data!$T$2:$T$231,A19) -> 21 | C19: =COUNTIFS(Data!$T$2:$T$231,A19,Data!$B$2:$B$231,"Approved") -> 14 | D19: =COUNTIFS(Data!$T$2:$T$231,A19,Data!$B$2:$B$231,"Pending") -> 2 | E19: =COUNTIFS(Data!$T$2:$T$231,A19,Data!$B$2:$B$231,"Rejected") -> 1 | F19: =COUNTIFS(Data!$T$2:$T$231,A19,Data!$B$2:$B$231,"Cancelled") -> 4
A20: Jun 2026 | B20: =COUNTIF(Data!$T$2:$T$231,A20) -> 14 | C20: =COUNTIFS(Data!$T$2:$T$231,A20,Data!$B$2:$B$231,"Approved") -> 7 | D20: =COUNTIFS(Data!$T$2:$T$231,A20,Data!$B$2:$B$231,"Pending") -> 2 | E20: =COUNTIFS(Data!$T$2:$T$231,A20,Data!$B$2:$B$231,"Rejected") -> 3 | F20: =COUNTIFS(Data!$T$2:$T$231,A20,Data!$B$2:$B$231,"Cancelled") -> 2
A21: Jul 2026 | B21: =COUNTIF(Data!$T$2:$T$231,A21) -> 23 | C21: =COUNTIFS(Data!$T$2:$T$231,A21,Data!$B$2:$B$231,"Approved") -> 9 | D21: =COUNTIFS(Data!$T$2:$T$231,A21,Data!$B$2:$B$231,"Pending") -> 4 | E21: =COUNTIFS(Data!$T$2:$T$231,A21,Data!$B$2:$B$231,"Rejected") -> 3 | F21: =COUNTIFS(Data!$T$2:$T$231,A21,Data!$B$2:$B$231,"Cancelled") -> 7
A22: Aug 2026 | B22: =COUNTIF(Data!$T$2:$T$231,A22) -> 27 | C22: =COUNTIFS(Data!$T$2:$T$231,A22,Data!$B$2:$B$231,"Approved") -> 10 | D22: =COUNTIFS(Data!$T$2:$T$231,A22,Data!$B$2:$B$231,"Pending") -> 10 | E22: =COUNTIFS(Data!$T$2:$T$231,A22,Data!$B$2:$B$231,"Rejected") -> 5 | F22: =COUNTIFS(Data!$T$2:$T$231,A22,Data!$B$2:$B$231,"Cancelled") -> 2
A24: Trips by Purpose | D24: By Location | F24: By Van Type
A25: Purpose | B25: Count | D25: Location | E25: Count | F25: Van Type | G25: Count
A26: IT-Related | B26: =COUNTIF(Data!$J$2:$J$231,A26) -> 41 | D26: Manila | E26: =COUNTIF(Data!$G$2:$G$231,D26) -> 127 | F26: Pickup / Drop-Off | G26: =COUNTIF(Data!$L$2:$L$231,F26) -> 160
A27: HR/TA Related | B27: =COUNTIF(Data!$J$2:$J$231,A27) -> 47 | D27: Iloilo | E27: =COUNTIF(Data!$G$2:$G$231,D27) -> 103 | F27: Standby Van | G27: =COUNTIF(Data!$L$2:$L$231,F27) -> 70
A28: Travel-Related (Airport Transfers) | B28: =COUNTIF(Data!$J$2:$J$231,A28) -> 36
A29: Others | B29: =COUNTIF(Data!$J$2:$J$231,A29) -> 106
A32: By Requestor
A33: Requestor | B33: Total Requests | C33: Approved | D33: Approval Rate
A34: Cruz, Ivan | B34: =COUNTIF(Data!$F$2:$F$231,A34) -> 39 | C34: =COUNTIFS(Data!$F$2:$F$231,A34,Data!$B$2:$B$231,"Approved") -> 22 | D34: =IF(B34=0,0,C34/B34) -> 0.56410256
A35: Dizon, Marco | B35: =COUNTIF(Data!$F$2:$F$231,A35) -> 34 | C35: =COUNTIFS(Data!$F$2:$F$231,A35,Data!$B$2:$B$231,"Approved") -> 20 | D35: =IF(B35=0,0,C35/B35) -> 0.58823529
A36: Jimera, Arielle | B36: =COUNTIF(Data!$F$2:$F$231,A36) -> 38 | C36: =COUNTIFS(Data!$F$2:$F$231,A36,Data!$B$2:$B$231,"Approved") -> 19 | D36: =IF(B36=0,0,C36/B36) -> 0.5
A37: Mateo, Angel | B37: =COUNTIF(Data!$F$2:$F$231,A37) -> 32 | C37: =COUNTIFS(Data!$F$2:$F$231,A37,Data!$B$2:$B$231,"Approved") -> 18 | D37: =IF(B37=0,0,C37/B37) -> 0.5625
A38: Reyes, Kaye | B38: =COUNTIF(Data!$F$2:$F$231,A38) -> 49 | C38: =COUNTIFS(Data!$F$2:$F$231,A38,Data!$B$2:$B$231,"Approved") -> 25 | D38: =IF(B38=0,0,C38/B38) -> 0.51020408
A39: Salcedo, Liza | B39: =COUNTIF(Data!$F$2:$F$231,A39) -> 38 | C39: =COUNTIFS(Data!$F$2:$F$231,A39,Data!$B$2:$B$231,"Approved") -> 21 | D39: =IF(B39=0,0,C39/B39) -> 0.55263158
A42: Driver Utilization (assigned trips) | D42: Van Utilization
A43: Driver | B43: Trips Assigned | D43: Van | E43: Trips
A44: Ocampo, Dennis | B44: =COUNTIF(Data!$M$2:$M$231,A44) -> 34 | D44: VAN-001 | E44: =COUNTIF(Data!$N$2:$N$231,D44) -> 31
A45: Padilla, Marlon | B45: =COUNTIF(Data!$M$2:$M$231,A45) -> 39 | D45: VAN-002 | E45: =COUNTIF(Data!$N$2:$N$231,D45) -> 33
A46: Sarmiento, Joel | B46: =COUNTIF(Data!$M$2:$M$231,A46) -> 27 | D46: VAN-003 | E46: =COUNTIF(Data!$N$2:$N$231,D46) -> 32
A47: Villanueva, Rey | B47: =COUNTIF(Data!$M$2:$M$231,A47) -> 25 | D47: VAN-004 | E47: =COUNTIF(Data!$N$2:$N$231,D47) -> 29
A50: Timing & SLA Stats
A51: Metric | B51: Value
A52: Avg Lead Time - all requests (days) | B52: =ROUND(AVERAGE(Data!$V$2:$V$231),1) -> 4.2
A53: Avg TAT - submission to first assignment (hrs) | B53: =IFERROR(ROUND(AVERAGE(Data!$X$2:$X$231),1),0) -> 86.4
A54: Oldest Pending Request (days since submitted) | B54: =IFERROR(MAX(Data!$Z$2:$Z$231),0) -> 355
A55: Trips Assigned (basis for SLA) | B55: =COUNTIF(Data!$Y$2:$Y$231,"Yes")+COUNTIF(Data!$Y$2:$Y$231,"No") -> 125
A56: Within SLA (<=12h) | B56: =COUNTIF(Data!$Y$2:$Y$231,"Yes") -> 100
A57: Breached SLA (>12h) | B57: =COUNTIF(Data!$Y$2:$Y$231,"No") -> 25
A58: SLA Compliance % | B58: =IFERROR(B56/B55,0) -> 0.8
A60: Cost Summary (fill in Vendor/Cost on Data sheet)
A61: Metric | B61: Value
A62: Total Cost | B62: =SUM(Data!$Q$2:$Q$231) -> 0
A63: Avg Cost per Trip (recorded only) | B63: =IFERROR(AVERAGE(Data!$Q$2:$Q$231),0) -> 0
A64: Trips with Cost Recorded | B64: =COUNT(Data!$Q$2:$Q$231) -> 0
A65: Trips with Vendor Recorded | B65: =COUNTA(Data!$P$2:$P$231) -> 0
